N,P,K,temperature,humidity,ph,rainfall,label
84,46,43,26.55,80.83,6.31,282.38,rice
87,44,42,22.57,79.67,6.5,177.6,rice
62,43,34,24.13,77.46,5.84,278.97,rice
77,48,32,22.41,82.55,5.94,246.27,rice
73,45,36,27.2,81.93,5.98,259.68,rice
67,49,30,20.84,82.98,6.7,240.14,rice
78,45,32,22.06,79.7,6.82,245.31,rice
62,50,38,22.15,85.06,6.81,262.94,rice
71,45,41,25.45,79.6,6.33,201.81,rice
68,54,46,23.36,87.02,6.54,215.65,rice
83,60,39,26.63,68.9,6.73,237.61,rice
77,48,30,23.06,83.79,6.99,219.45,rice
71,43,44,24.16,79.35,6.61,237.91,rice
89,42,38,22.72,74.68,6.52,242.83,rice
80,46,32,22.66,80.29,6.08,230.16,rice
84,63,40,24.02,81.63,5.63,234.2,rice
80,67,39,24.1,81.83,5.93,269.28,rice
87,54,35,26.31,74.99,6.63,300.71,rice
70,43,40,22.49,74.25,6.43,203.13,rice
84,40,47,21.93,80.39,6.73,198.07,rice
82,58,31,23.87,83.3,6.71,197.89,rice
66,52,41,24.0,83.73,6.13,241.97,rice
82,42,49,24.45,76.04,6.66,205.76,rice
87,57,35,25.43,84.06,6.73,291.9,rice
77,41,35,21.87,81.61,6.54,243.3,rice
88,48,47,22.97,95.6,6.65,209.29,rice
69,51,38,24.93,84.37,6.37,209.6,rice
64,44,44,23.93,75.77,6.47,246.56,rice
71,49,40,21.21,83.79,6.62,267.49,rice
90,36,35,24.53,84.57,6.61,350.58,rice
85,57,44,24.8,80.42,6.7,211.82,rice
77,44,40,28.13,72.66,6.67,186.62,rice
75,56,40,21.34,78.42,6.67,213.09,rice
82,48,36,27.79,85.17,5.59,240.59,rice
73,54,36,23.27,84.52,6.75,198.99,rice
76,44,36,27.03,84.02,5.9,262.54,rice
101,56,32,22.53,88.33,6.12,248.31,rice
87,40,39,17.02,76.88,6.3,197.57,rice
96,36,37,23.76,89.21,5.83,269.89,rice
80,40,42,23.9,79.0,6.43,223.44,rice
81,53,47,21.02,92.67,5.62,230.45,rice
85,50,36,23.08,79.53,6.16,260.49,rice
83,42,44,24.11,86.06,6.65,210.13,rice
74,53,43,23.46,82.59,6.91,217.25,rice
85,46,38,25.7,86.13,6.73,274.16,rice
80,53,38,24.15,81.35,6.44,252.85,rice
71,64,34,21.07,87.79,6.72,253.72,rice
86,47,35,23.65,78.61,6.79,230.59,rice
71,45,42,22.37,77.89,6.5,242.35,rice
74,44,41,20.6,74.96,6.11,228.6,rice
83,59,44,23.18,81.9,6.0,234.44,rice
77,50,35,24.54,89.66,6.36,247.05,rice
86,44,41,23.53,82.49,6.09,235.74,rice
84,59,44,27.81,78.16,6.75,240.5,rice
101,41,35,22.3,71.38,6.19,212.23,rice
81,50,49,25.4,79.12,6.04,249.76,rice
66,62,45,22.56,73.43,6.94,231.56,rice
92,35,37,23.51,82.23,6.22,253.69,rice
69,46,40,24.53,85.56,5.95,188.98,rice
92,50,36,26.6,82.58,6.87,237.03,rice
100,62,38,25.44,85.23,6.95,206.05,rice
86,56,31,21.13,71.8,6.29,256.53,rice
95,48,48,20.74,73.48,6.38,246.52,rice
79,31,39,20.89,85.35,6.55,206.8,rice
74,39,39,25.41,77.07,6.6,219.09,rice
72,47,34,22.39,76.01,7.19,236.06,rice
73,49,39,23.06,85.07,6.7,219.08,rice
74,45,28,20.47,88.83,7.06,227.53,rice
85,50,55,25.74,81.36,6.02,186.81,rice
82,41,32,22.21,76.59,7.07,261.45,rice
79,59,40,21.78,89.62,6.62,203.88,rice
78,40,33,25.35,91.55,5.84,251.89,rice
73,44,37,21.77,82.24,6.07,243.11,rice
79,46,35,22.35,85.78,6.6,205.67,rice
80,54,31,24.59,78.69,6.63,212.1,rice
61,34,40,24.02,77.48,6.66,185.15,rice
79,38,36,23.59,77.7,6.25,265.19,rice
74,54,34,24.56,89.21,5.41,211.09,rice
85,46,41,22.29,82.43,6.34,270.03,rice
82,50,37,22.52,79.84,6.56,222.37,rice
82,64,44,22.85,88.01,6.24,173.86,rice
69,33,38,23.54,90.38,6.53,228.43,rice
88,30,41,25.04,74.61,6.86,245.15,rice
75,53,51,23.86,83.24,6.22,209.5,rice
88,41,40,22.54,84.39,6.53,266.13,rice
74,45,35,22.61,83.89,6.7,207.34,rice
88,58,42,27.25,78.13,5.9,181.64,rice
94,53,39,24.06,76.37,7.38,238.88,rice
81,53,42,23.95,78.05,6.59,291.46,rice
93,60,37,21.52,81.37,6.42,267.83,rice
63,60,39,22.65,76.94,5.74,259.7,rice
80,37,33,22.83,90.35,6.3,189.91,rice
77,45,26,23.39,80.85,6.68,290.47,rice
91,45,34,28.65,82.3,6.41,234.28,rice
81,46,37,22.41,81.84,6.18,213.61,rice
81,45,47,18.2,87.46,6.9,172.8,rice
76,45,32,21.94,76.45,7.1,263.07,rice
92,53,34,22.45,84.45,5.91,256.39,rice
77,45,43,24.39,80.2,6.86,202.57,rice
86,52,38,24.15,75.74,6.77,229.45,rice
71,58,17,18.98,55.66,6.5,65.79,maize
99,27,26,23.03,64.42,5.93,90.99,maize
77,59,20,22.88,62.82,6.17,89.62,maize
57,34,22,22.93,63.9,6.21,90.21,maize
71,40,20,20.05,67.45,5.35,100.44,maize
83,50,23,26.66,71.09,5.28,65.81,maize
70,48,22,20.69,66.12,5.82,75.83,maize
61,38,14,20.06,71.32,5.73,124.49,maize
83,49,16,24.25,61.55,6.26,123.4,maize
76,59,17,22.41,75.62,5.89,112.19,maize
86,42,22,24.93,68.73,5.41,74.09,maize
75,47,22,22.94,56.99,6.39,94.16,maize
84,58,23,23.65,64.58,5.37,91.44,maize
80,50,14,19.8,71.32,6.18,95.22,maize
78,48,23,21.21,65.58,5.97,78.48,maize
74,50,18,25.64,59.63,6.11,78.4,maize
95,49,24,18.79,66.6,6.64,86.23,maize
90,42,25,28.25,62.82,5.98,106.8,maize
96,42,18,21.8,56.93,5.74,69.94,maize
68,47,20,26.38,59.01,6.69,81.79,maize
77,54,15,23.46,66.0,6.45,89.34,maize
107,41,17,20.94,61.67,5.88,102.84,maize
95,42,16,23.68,61.69,6.52,88.04,maize
59,63,27,20.97,62.67,6.34,90.02,maize
85,68,19,20.5,56.72,5.83,84.5,maize
99,42,20,22.46,72.13,7.46,77.04,maize
72,58,22,27.12,68.5,6.02,93.86,maize
91,56,22,25.17,72.02,6.89,94.73,maize
75,49,24,20.46,67.21,6.0,85.43,maize
93,49,20,19.1,69.48,6.52,117.45,maize
74,50,20,26.44,64.43,6.34,94.12,maize
80,43,20,25.18,58.84,6.27,74.5,maize
92,32,17,23.44,74.39,6.17,76.67,maize
100,33,11,23.6,61.99,5.69,95.63,maize
80,42,14,24.68,68.9,6.15,112.7,maize
65,32,17,22.39,66.46,6.08,90.28,maize
62,62,19,25.29,67.06,6.43,93.55,maize
83,54,25,22.99,69.25,6.16,106.6,maize
69,66,19,18.92,65.77,5.86,97.61,maize
70,43,12,21.37,50.46,5.41,96.41,maize
87,52,16,22.38,64.98,5.62,107.55,maize
88,45,20,23.02,52.75,6.08,74.77,maize
65,45,27,24.1,61.57,6.49,105.99,maize
89,48,17,24.25,67.36,6.65,94.53,maize
90,42,25,22.99,77.45,5.86,111.04,maize
80,41,18,21.7,67.54,6.46,76.39,maize
77,69,26,23.59,65.23,6.26,94.2,maize
65,45,13,23.5,68.88,5.96,108.61,maize
63,33,20,25.12,75.1,5.97,101.18,maize
77,46,23,24.13,55.54,6.94,105.7,maize
70,51,21,23.15,61.7,5.86,84.62,maize
92,53,18,24.43,47.91,6.77,58.9,maize
73,36,14,25.4,62.19,6.37,84.3,maize
83,48,14,24.99,62.04,5.42,78.58,maize
96,56,18,21.63,63.07,7.24,90.73,maize
83,58,20,21.85,63.82,6.16,84.44,maize
86,48,22,22.3,65.47,5.2,98.74,maize
82,57,8,27.72,64.16,6.75,69.4,maize
85,37,17,27.29,63.86,6.31,98.05,maize
83,49,21,28.51,64.65,6.3,100.76,maize
91,59,22,19.64,74.8,5.63,89.54,maize
68,47,21,23.3,67.53,7.01,91.8,maize
75,57,24,19.43,68.58,6.55,80.54,maize
94,46,20,22.07,65.09,5.65,63.4,maize
97,39,16,17.12,61.17,5.54,109.63,maize
90,41,29,24.95,63.05,4.95,119.36,maize
61,31,24,28.6,73.31,6.48,93.92,maize
88,55,21,22.76,64.62,5.82,80.79,maize
57,47,16,19.74,66.08,6.9,98.77,maize
59,38,23,20.04,63.65,6.48,70.47,maize
79,34,17,23.3,55.44,6.42,84.71,maize
84,50,25,22.81,62.42,6.26,93.15,maize
78,48,17,20.84,56.58,7.07,66.34,maize
69,40,23,21.76,72.49,5.86,89.18,maize
67,69,15,23.27,68.8,6.41,82.22,maize
76,48,19,24.91,78.26,5.92,64.45,maize
76,73,16,26.6,75.07,5.92,93.53,maize
97,44,19,21.05,58.91,5.88,66.64,maize
78,40,20,18.61,66.99,6.62,55.09,maize
82,60,15,26.68,67.51,5.85,84.16,maize
84,48,22,20.2,66.02,5.49,83.33,maize
67,40,24,25.23,68.65,5.65,80.25,maize
92,49,29,23.48,66.15,6.05,87.0,maize
76,55,23,20.54,57.01,5.28,92.62,maize
64,26,21,28.73,64.96,6.62,86.23,maize
76,57,18,23.17,66.93,5.87,99.88,maize
75,40,22,20.25,65.17,6.2,101.29,maize
83,47,23,25.98,68.35,6.21,65.32,maize
65,44,17,22.03,65.34,6.46,83.94,maize
83,48,12,20.15,64.14,5.6,94.0,maize
96,60,19,26.23,65.89,6.03,75.8,maize
74,44,20,22.9,65.02,6.42,102.86,maize
89,33,9,24.84,56.8,6.09,67.45,maize
56,53,23,21.06,49.45,5.93,90.88,maize
60,49,19,23.95,65.72,5.71,102.95,maize
76,47,16,21.39,59.69,6.11,110.68,maize
61,31,25,21.98,60.99,6.72,75.92,maize
99,54,18,27.89,61.37,6.57,89.49,maize
93,63,20,20.62,67.76,5.86,115.2,maize
79,44,20,19.13,59.17,6.8,75.15,maize
31,73,89,20.24,19.79,7.0,65.78,chickpea
52,64,77,21.46,18.47,7.48,101.65,chickpea
34,77,80,19.34,21.39,7.5,85.38,chickpea
48,64,73,16.71,10.9,8.12,68.97,chickpea
38,65,82,20.43,19.38,7.07,78.33,chickpea
42,65,92,19.78,19.0,7.57,91.73,chickpea
41,55,83,17.5,15.21,7.53,92.38,chickpea
40,71,93,19.28,24.61,7.53,62.39,chickpea
46,71,90,20.15,16.38,6.81,77.91,chickpea
33,62,84,22.14,17.98,6.82,84.45,chickpea
49,61,78,18.83,14.45,7.56,78.79,chickpea
43,59,76,20.24,15.68,7.99,76.0,chickpea
41,77,68,15.28,12.22,7.81,74.48,chickpea
60,62,81,21.88,22.82,8.12,92.08,chickpea
48,73,86,17.7,14.35,7.3,78.3,chickpea
36,74,87,18.98,21.23,6.84,78.06,chickpea
34,49,79,18.56,21.34,7.55,69.76,chickpea
54,80,84,18.35,13.92,7.15,90.89,chickpea
55,83,76,16.56,17.22,6.59,83.23,chickpea
38,63,67,19.83,15.2,6.83,51.28,chickpea
39,85,93,17.89,14.99,7.49,70.02,chickpea
42,75,89,18.6,16.19,6.95,71.73,chickpea
38,71,87,17.19,21.28,7.19,79.79,chickpea
34,43,87,20.27,15.96,7.33,85.16,chickpea
27,62,86,16.29,17.68,6.76,84.66,chickpea
39,51,89,17.33,14.37,7.38,91.49,chickpea
31,68,83,20.19,17.33,7.15,71.72,chickpea
40,57,56,19.67,19.51,6.35,69.9,chickpea
44,88,80,17.34,16.25,7.85,73.54,chickpea
33,63,72,19.05,21.67,7.43,77.48,chickpea
37,52,87,18.64,16.26,8.58,82.99,chickpea
33,63,89,19.03,12.49,7.67,73.32,chickpea
54,78,76,21.36,17.0,7.64,84.85,chickpea
33,61,88,18.13,15.59,6.92,84.24,chickpea
56,57,80,21.62,16.56,7.48,69.38,chickpea
43,66,87,21.17,24.57,7.53,83.26,chickpea
41,64,82,18.21,17.31,7.83,69.93,chickpea
49,81,79,14.56,14.98,7.82,79.77,chickpea
32,62,86,19.89,16.08,7.15,76.08,chickpea
32,84,77,21.23,21.36,7.7,75.68,chickpea
43,67,72,19.45,13.26,7.78,75.35,chickpea
41,70,77,19.97,15.38,7.65,66.54,chickpea
41,87,71,17.44,18.34,7.37,83.51,chickpea
43,74,88,19.62,16.08,7.57,99.0,chickpea
38,58,88,18.56,10.28,7.64,74.65,chickpea
39,71,81,20.22,15.49,7.51,77.4,chickpea
45,74,72,20.97,15.19,7.62,83.67,chickpea
54,65,77,18.76,15.89,7.62,63.84,chickpea
31,57,87,22.22,16.49,7.23,80.7,chickpea
49,58,81,20.75,18.3,7.38,90.01,chickpea
18,74,74,15.14,18.33,7.85,78.63,chickpea
47,84,90,22.08,19.03,7.33,63.98,chickpea
38,59,97,18.45,17.17,7.52,80.44,chickpea
53,61,81,17.32,12.84,7.06,79.63,chickpea
36,61,68,18.63,12.29,7.6,80.82,chickpea
28,64,73,19.44,20.82,6.55,81.15,chickpea
38,74,81,17.3,15.84,6.98,90.76,chickpea
40,87,79,17.38,12.26,6.58,64.16,chickpea
42,73,67,20.59,15.35,7.36,96.12,chickpea
47,65,72,14.5,14.64,7.22,70.13,chickpea
38,68,78,17.5,17.31,7.48,69.1,chickpea
51,67,80,20.22,17.5,7.68,82.87,chickpea
35,71,70,19.02,16.7,7.22,78.71,chickpea
24,62,80,19.12,13.72,7.81,71.34,chickpea
47,72,74,22.35,13.22,7.67,90.01,chickpea
34,81,77,19.38,17.58,7.25,88.11,chickpea
46,50,90,15.48,19.9,7.75,69.09,chickpea
36,56,78,18.18,19.14,7.82,93.96,chickpea
35,65,66,17.19,19.69,7.95,67.66,chickpea
35,67,82,17.18,18.07,7.11,79.86,chickpea
44,68,76,18.58,16.53,7.15,77.41,chickpea
52,73,77,20.19,15.8,7.77,83.7,chickpea
39,72,67,16.55,13.22,7.36,97.33,chickpea
57,74,84,15.2,15.17,6.98,73.79,chickpea
38,63,64,20.3,13.58,7.4,100.74,chickpea
32,42,77,21.0,22.68,6.81,84.97,chickpea
36,66,101,15.79,17.56,7.49,90.86,chickpea
40,71,76,19.34,15.77,7.55,76.3,chickpea
43,67,89,18.7,11.48,7.8,70.94,chickpea
34,62,90,14.53,26.21,7.72,82.23,chickpea
39,70,84,20.09,18.47,7.34,78.03,chickpea
38,66,89,19.99,10.0,7.56,81.95,chickpea
39,64,88,20.7,14.48,7.46,70.28,chickpea
28,61,86,20.71,18.34,7.59,85.16,chickpea
34,72,86,20.31,20.37,7.58,83.51,chickpea
48,67,72,18.47,14.57,7.03,78.55,chickpea
33,64,64,19.23,16.8,6.97,86.59,chickpea
47,51,73,17.26,13.98,7.63,78.06,chickpea
37,47,85,16.32,16.98,7.41,93.61,chickpea
29,37,81,22.4,20.52,7.38,75.08,chickpea
46,58,83,19.81,19.98,8.4,83.92,chickpea
35,67,65,17.41,15.57,7.09,81.52,chickpea
33,79,80,18.78,15.82,7.36,88.25,chickpea
33,61,77,16.11,14.34,7.11,88.74,chickpea
42,69,86,18.53,17.97,7.26,82.65,chickpea
35,43,78,21.65,19.58,7.69,92.36,chickpea
40,69,75,18.17,18.65,7.78,78.61,chickpea
36,68,84,15.91,10.0,7.08,67.79,chickpea
35,66,76,21.7,17.78,7.42,86.22,chickpea
30,78,79,20.14,13.58,6.68,88.18,chickpea
22,59,17,22.58,17.44,6.19,86.99,kidneybeans
24,64,21,18.9,21.03,5.71,84.96,kidneybeans
24,62,19,17.91,12.63,5.64,153.25,kidneybeans
24,66,19,20.15,23.51,5.35,127.29,kidneybeans
24,72,21,20.14,23.96,5.88,97.92,kidneybeans
18,67,24,17.37,16.46,5.75,106.02,kidneybeans
21,68,19,23.38,16.0,5.45,102.93,kidneybeans
12,65,24,20.15,22.41,5.32,92.67,kidneybeans
19,64,23,21.33,17.71,5.77,114.96,kidneybeans
26,79,16,18.32,17.2,5.63,114.33,kidneybeans
25,66,19,20.43,18.68,6.33,72.85,kidneybeans
21,83,20,19.68,20.35,5.65,132.46,kidneybeans
9,79,15,19.51,20.1,5.88,73.04,kidneybeans
23,83,15,20.52,19.28,5.83,105.38,kidneybeans
17,70,25,19.68,24.12,5.31,85.87,kidneybeans
23,78,21,19.41,21.6,5.32,117.09,kidneybeans
25,63,18,20.68,20.07,5.68,146.99,kidneybeans
19,64,18,21.74,20.97,5.51,131.43,kidneybeans
28,62,14,22.32,19.2,5.94,65.6,kidneybeans
25,57,22,20.13,18.26,5.58,118.73,kidneybeans
21,71,25,16.66,27.26,5.73,87.02,kidneybeans
14,65,22,19.82,26.89,5.26,104.76,kidneybeans
14,69,22,19.17,12.49,5.76,113.73,kidneybeans
23,76,16,21.6,25.77,5.17,111.39,kidneybeans
18,66,21,19.03,19.24,5.71,83.26,kidneybeans
15,72,16,21.57,23.22,5.18,91.45,kidneybeans
26,59,18,21.12,24.34,5.62,93.05,kidneybeans
28,80,22,20.29,18.77,5.45,115.45,kidneybeans
23,78,21,16.79,25.28,5.4,97.32,kidneybeans
22,82,29,21.43,20.96,5.86,122.75,kidneybeans
19,81,20,21.2,23.93,5.83,121.78,kidneybeans
17,62,16,21.07,24.33,5.84,138.49,kidneybeans
20,72,16,19.25,24.03,5.95,99.12,kidneybeans
20,54,18,22.06,23.61,5.85,106.0,kidneybeans
21,61,22,21.03,23.32,5.54,61.93,kidneybeans
26,63,17,21.63,20.23,6.02,117.34,kidneybeans
24,56,23,20.67,20.31,5.74,69.48,kidneybeans
23,58,15,16.75,25.49,5.51,135.67,kidneybeans
18,53,16,22.82,21.05,5.54,108.2,kidneybeans
23,75,24,19.31,16.96,5.58,110.21,kidneybeans
16,59,21,19.99,21.71,5.47,100.39,kidneybeans
16,74,23,16.04,18.35,5.25,92.0,kidneybeans
20,55,17,17.89,22.33,5.72,90.57,kidneybeans
21,62,19,23.78,26.29,5.31,121.59,kidneybeans
25,57,22,23.48,17.67,5.42,125.35,kidneybeans
22,71,21,20.96,16.96,6.01,128.39,kidneybeans
19,66,15,21.23,23.6,5.68,127.49,kidneybeans
19,71,16,20.05,20.99,5.77,97.61,kidneybeans
20,73,18,16.57,27.72,6.11,79.15,kidneybeans
24,62,20,20.75,20.78,5.46,91.19,kidneybeans
16,60,19,18.53,23.99,6.15,93.4,kidneybeans
22,70,21,20.27,24.2,5.84,80.25,kidneybeans
25,74,17,20.18,23.99,5.64,126.46,kidneybeans
32,60,15,20.77,24.13,5.63,134.07,kidneybeans
14,72,18,23.88,28.57,5.47,94.01,kidneybeans
25,63,19,20.16,14.88,5.7,91.21,kidneybeans
18,78,16,21.89,20.62,5.62,120.81,kidneybeans
22,71,22,19.37,19.46,5.37,88.49,kidneybeans
35,76,15,17.19,23.29,5.86,115.98,kidneybeans
19,65,20,20.29,13.83,5.63,87.97,kidneybeans
21,90,21,19.41,24.83,5.84,113.4,kidneybeans
24,83,16,21.14,18.36,5.87,86.63,kidneybeans
18,64,22,22.12,17.24,5.72,90.81,kidneybeans
14,65,19,25.44,23.12,5.29,93.7,kidneybeans
26,83,15,15.96,28.15,5.82,87.63,kidneybeans
23,45,20,20.82,24.83,5.4,106.71,kidneybeans
16,69,17,19.2,18.11,5.9,122.17,kidneybeans
19,67,15,19.44,21.42,6.49,82.76,kidneybeans
28,74,20,23.97,22.9,5.82,103.94,kidneybeans
27,75,18,17.2,20.89,5.46,103.73,kidneybeans
27,63,19,20.23,24.57,5.03,92.87,kidneybeans
22,76,18,15.97,23.77,5.51,81.21,kidneybeans
17,65,18,15.25,24.74,6.08,118.03,kidneybeans
15,65,19,21.42,23.94,5.48,106.64,kidneybeans
23,78,22,21.84,21.89,6.12,113.2,kidneybeans
16,78,22,19.13,19.92,5.79,114.26,kidneybeans
21,69,25,22.46,22.27,5.98,84.35,kidneybeans
22,81,19,18.24,19.32,5.37,89.3,kidneybeans
19,55,20,22.09,18.42,6.16,115.22,kidneybeans
26,61,22,17.7,24.72,5.75,116.07,kidneybeans
15,59,21,18.01,23.22,5.29,121.96,kidneybeans
14,71,21,18.57,23.64,5.78,94.22,kidneybeans
15,51,21,16.66,21.93,5.62,118.58,kidneybeans
19,64,22,20.84,22.71,5.84,74.29,kidneybeans
24,71,16,19.56,21.46,5.66,111.68,kidneybeans
28,75,16,21.47,26.25,5.82,126.82,kidneybeans
31,75,20,22.4,22.11,5.71,97.97,kidneybeans
28,60,24,21.2,16.7,5.81,63.0,kidneybeans
24,74,18,20.37,28.44,5.55,83.82,kidneybeans
28,82,20,22.33,26.3,5.48,95.29,kidneybeans
27,80,21,18.16,28.55,5.54,98.3,kidneybeans
22,79,22,21.01,23.22,5.71,116.16,kidneybeans
8,64,20,17.57,22.95,5.64,140.11,kidneybeans
28,63,19,19.94,20.02,5.76,89.83,kidneybeans
15,71,21,18.33,24.73,5.51,110.06,kidneybeans
25,66,21,18.96,20.91,5.64,90.07,kidneybeans
20,54,18,19.47,20.7,5.63,103.76,kidneybeans
23,73,18,17.45,17.95,5.55,97.96,kidneybeans
17,56,18,20.5,23.68,5.53,96.74,kidneybeans
16,66,17,21.36,15.35,5.59,111.02,kidneybeans
20,88,21,25.19,47.52,4.91,146.99,pigeonpeas
15,74,18,27.41,44.82,6.67,140.97,pigeonpeas
29,73,21,28.62,49.97,4.84,142.03,pigeonpeas
24,66,15,27.57,56.52,6.42,147.45,pigeonpeas
24,64,14,25.39,55.81,5.66,142.92,pigeonpeas
18,82,24,33.25,47.2,5.95,111.08,pigeonpeas
27,57,20,24.96,45.06,5.38,133.8,pigeonpeas
17,62,22,24.94,49.1,6.41,136.17,pigeonpeas
16,65,23,28.19,45.34,6.04,121.44,pigeonpeas
23,70,19,25.6,43.57,6.07,179.72,pigeonpeas
16,70,13,26.24,47.84,5.35,125.59,pigeonpeas
16,69,19,22.1,37.4,5.5,160.44,pigeonpeas
6,63,18,31.17,46.07,5.99,152.53,pigeonpeas
9,73,20,28.97,67.63,4.76,192.12,pigeonpeas
18,69,19,26.64,45.15,5.96,111.07,pigeonpeas
23,63,16,26.57,54.29,5.53,157.96,pigeonpeas
16,73,22,32.32,47.12,6.13,151.45,pigeonpeas
26,61,22,27.21,47.68,5.85,155.31,pigeonpeas
19,68,24,30.16,52.35,5.57,126.77,pigeonpeas
24,74,24,26.19,46.85,4.98,139.19,pigeonpeas
24,63,21,27.22,49.62,5.23,151.13,pigeonpeas
5,65,15,30.71,51.89,6.03,187.03,pigeonpeas
15,80,22,27.11,53.68,5.25,128.39,pigeonpeas
16,62,16,30.76,46.71,5.98,134.74,pigeonpeas
10,69,14,27.53,41.16,6.79,171.78,pigeonpeas
20,77,17,29.06,49.0,5.93,180.81,pigeonpeas
23,69,15,25.3,47.39,5.85,120.74,pigeonpeas
32,79,21,27.88,46.94,5.32,150.94,pigeonpeas
21,57,21,27.31,38.46,5.37,138.66,pigeonpeas
29,71,15,28.92,40.26,6.34,137.22,pigeonpeas
19,77,16,24.21,45.08,6.32,111.02,pigeonpeas
5,63,21,30.7,45.68,5.59,177.85,pigeonpeas
10,63,20,28.82,45.45,5.82,86.79,pigeonpeas
16,70,17,27.85,50.23,5.63,153.26,pigeonpeas
15,65,21,28.09,45.07,5.91,166.87,pigeonpeas
9,76,18,28.76,53.99,5.11,131.26,pigeonpeas
18,60,25,25.56,45.22,5.9,118.95,pigeonpeas
18,69,19,27.47,45.35,5.04,157.04,pigeonpeas
28,67,20,29.43,41.65,6.65,154.06,pigeonpeas
28,61,25,29.64,50.77,5.92,142.79,pigeonpeas
26,68,14,24.91,47.07,5.95,147.59,pigeonpeas
26,51,20,23.16,51.8,5.75,159.49,pigeonpeas
15,77,23,29.16,47.35,6.09,131.33,pigeonpeas
24,80,23,25.88,49.81,5.15,163.31,pigeonpeas
22,52,16,26.99,46.5,5.2,158.72,pigeonpeas
21,65,17,30.32,56.28,5.56,133.7,pigeonpeas
22,64,19,29.55,38.45,6.46,150.82,pigeonpeas
17,66,19,23.37,55.47,5.82,160.08,pigeonpeas
24,58,21,27.03,52.23,4.74,146.52,pigeonpeas
16,70,21,25.93,44.44,5.74,126.58,pigeonpeas
24,64,11,26.76,42.81,4.98,118.06,pigeonpeas
20,77,20,26.18,50.28,5.57,131.63,pigeonpeas
14,52,18,28.1,47.52,5.59,125.36,pigeonpeas
23,56,22,25.19,44.24,5.07,136.46,pigeonpeas
24,71,22,29.01,42.48,5.63,129.5,pigeonpeas
26,57,22,29.93,57.15,5.6,166.81,pigeonpeas
31,62,15,23.0,51.56,4.86,139.69,pigeonpeas
22,68,21,28.26,54.39,5.32,132.08,pigeonpeas
16,73,22,28.83,53.92,5.21,190.68,pigeonpeas
27,72,25,23.56,45.38,5.43,167.04,pigeonpeas
14,73,24,29.44,49.42,5.31,127.83,pigeonpeas
26,73,19,26.66,37.87,5.26,196.79,pigeonpeas
13,68,23,24.56,48.92,6.27,149.31,pigeonpeas
34,53,23,27.27,51.86,6.02,130.67,pigeonpeas
21,52,21,28.45,51.19,6.33,158.19,pigeonpeas
20,59,17,30.67,55.18,5.68,150.15,pigeonpeas
15,76,21,32.55,43.61,5.61,154.79,pigeonpeas
23,65,17,29.9,51.61,5.34,182.89,pigeonpeas
25,68,20,29.09,43.69,5.82,95.19,pigeonpeas
24,54,24,26.87,46.94,5.49,141.8,pigeonpeas
27,47,23,28.55,41.96,5.26,190.91,pigeonpeas
15,57,23,28.55,43.31,5.91,123.36,pigeonpeas
25,75,21,28.6,56.81,5.8,119.45,pigeonpeas
22,83,16,26.8,50.08,5.77,124.44,pigeonpeas
25,85,20,25.44,40.26,5.93,176.6,pigeonpeas
22,66,18,24.97,52.17,6.26,110.36,pigeonpeas
27,71,24,24.34,41.17,5.73,161.57,pigeonpeas
28,72,19,25.13,54.15,5.32,189.71,pigeonpeas
18,79,22,27.36,45.4,5.63,159.71,pigeonpeas
20,62,19,27.9,37.36,6.03,124.51,pigeonpeas
14,53,14,24.31,44.45,6.78,135.85,pigeonpeas
20,70,20,27.51,42.02,6.53,194.18,pigeonpeas
11,58,19,25.29,50.53,5.44,203.13,pigeonpeas
25,68,23,30.46,45.18,5.39,150.95,pigeonpeas
24,68,15,25.69,47.63,5.76,198.31,pigeonpeas
13,71,24,33.38,45.98,6.05,163.24,pigeonpeas
20,66,21,21.37,51.41,5.86,143.44,pigeonpeas
30,61,18,32.68,43.84,5.52,145.32,pigeonpeas
24,68,16,26.37,44.96,5.76,159.65,pigeonpeas
22,52,23,28.33,54.92,6.02,176.53,pigeonpeas
22,77,21,27.46,59.36,6.24,163.34,pigeonpeas
13,56,20,28.06,44.93,5.87,188.72,pigeonpeas
23,57,19,25.69,46.06,5.59,137.06,pigeonpeas
13,65,18,20.38,58.26,6.34,139.59,pigeonpeas
20,57,25,32.44,48.78,6.31,153.38,pigeonpeas
13,63,20,26.56,46.91,5.75,146.98,pigeonpeas
20,58,17,24.49,52.89,4.75,177.84,pigeonpeas
26,64,12,26.8,47.68,5.29,136.12,pigeonpeas
27,72,17,23.71,46.36,5.69,161.4,pigeonpeas
17,71,25,29.74,47.76,5.71,140.08,pigeonpeas
26,44,20,28.2,49.99,5.98,54.23,mothbeans
20,51,18,30.54,47.74,7.83,33.52,mothbeans
23,50,17,28.95,60.68,5.47,56.03,mothbeans
8,42,24,26.94,45.96,6.68,71.68,mothbeans
11,41,24,31.82,52.38,6.06,71.96,mothbeans
28,52,17,28.0,52.04,7.0,65.51,mothbeans
25,41,24,28.73,57.12,7.68,39.88,mothbeans
20,44,15,28.79,68.07,5.7,50.68,mothbeans
24,48,19,25.5,54.4,6.35,29.1,mothbeans
26,53,20,28.56,59.45,6.93,60.04,mothbeans
19,55,20,28.49,45.38,6.97,42.68,mothbeans
17,43,16,32.35,60.99,7.95,38.77,mothbeans
21,40,17,26.26,60.44,6.56,61.68,mothbeans
24,61,15,30.62,59.88,6.22,61.07,mothbeans
22,46,17,26.66,65.3,6.8,58.82,mothbeans
17,43,23,25.4,50.51,6.82,52.11,mothbeans
20,50,22,29.57,47.09,6.63,62.95,mothbeans
25,39,21,24.14,53.28,7.94,41.52,mothbeans
16,52,15,26.83,56.58,6.42,48.64,mothbeans
24,50,20,27.42,55.22,6.73,55.58,mothbeans
18,46,17,28.03,48.13,6.13,53.59,mothbeans
22,52,18,28.92,56.3,7.07,42.74,mothbeans
21,50,20,23.93,53.96,8.13,47.4,mothbeans
17,50,20,30.49,45.45,7.24,56.9,mothbeans
20,50,23,29.84,46.14,7.29,50.35,mothbeans
21,48,19,30.48,52.5,6.13,47.06,mothbeans
21,55,21,26.4,67.91,6.96,63.75,mothbeans
20,51,22,30.54,59.34,7.32,47.85,mothbeans
18,49,22,27.65,59.39,7.67,41.84,mothbeans
16,47,20,27.05,61.11,7.05,51.39,mothbeans
13,40,20,23.83,59.08,6.71,83.43,mothbeans
32,46,19,30.09,63.22,5.82,33.14,mothbeans
17,51,21,30.24,45.8,5.41,59.58,mothbeans
16,35,20,29.69,52.27,6.53,49.41,mothbeans
19,39,17,29.14,54.93,6.9,41.05,mothbeans
20,34,20,30.96,44.16,6.45,54.29,mothbeans
27,45,17,24.16,53.62,8.03,53.77,mothbeans
20,49,19,26.47,57.94,6.94,51.18,mothbeans
16,55,21,26.99,59.01,6.5,43.18,mothbeans
17,37,21,24.44,45.63,5.55,50.14,mothbeans
20,46,16,25.76,55.79,6.47,54.16,mothbeans
16,49,23,29.27,50.53,6.95,48.59,mothbeans
21,46,19,28.52,47.04,6.19,37.11,mothbeans
12,40,20,26.31,56.08,6.82,31.31,mothbeans
24,52,17,28.94,47.86,6.86,38.36,mothbeans
12,45,19,27.3,45.9,6.56,53.69,mothbeans
20,49,17,30.44,45.94,7.09,62.82,mothbeans
23,46,18,30.17,44.46,6.22,47.02,mothbeans
27,50,17,27.48,49.31,6.37,60.79,mothbeans
14,57,22,30.28,50.22,6.71,36.67,mothbeans
18,50,23,25.89,50.81,6.71,37.04,mothbeans
23,43,19,27.2,48.26,6.8,48.84,mothbeans
19,43,20,31.41,53.84,7.4,37.1,mothbeans
21,41,15,26.62,60.15,7.37,53.43,mothbeans
13,46,20,28.45,41.94,6.27,50.36,mothbeans
23,34,19,28.39,58.1,7.22,56.83,mothbeans
17,36,18,30.1,61.36,7.23,55.29,mothbeans
22,44,19,31.44,47.34,7.77,47.78,mothbeans
27,39,21,26.63,44.51,6.93,61.09,mothbeans
16,39,19,27.93,56.29,7.37,50.41,mothbeans
30,49,18,24.88,51.42,6.6,60.6,mothbeans
23,40,20,29.44,62.17,7.33,58.61,mothbeans
21,50,23,25.43,50.9,6.34,54.79,mothbeans
27,44,12,27.28,58.48,7.12,55.28,mothbeans
19,40,21,26.43,66.1,7.14,45.19,mothbeans
17,47,19,30.33,54.12,6.36,69.9,mothbeans
21,52,18,28.83,54.87,5.67,71.15,mothbeans
27,45,16,28.8,53.52,7.01,52.92,mothbeans
23,56,21,26.0,61.18,7.78,82.52,mothbeans
15,49,13,29.21,49.71,7.95,43.25,mothbeans
12,45,14,29.6,40.61,6.82,30.22,mothbeans
19,57,21,26.37,52.81,6.81,55.73,mothbeans
14,51,11,26.84,50.07,7.18,51.23,mothbeans
13,42,20,27.94,49.53,6.51,57.96,mothbeans
18,47,26,25.25,41.89,7.27,44.21,mothbeans
19,43,19,31.3,57.81,7.32,36.84,mothbeans
15,30,17,30.01,56.1,6.67,50.78,mothbeans
17,49,22,24.87,54.8,7.36,46.85,mothbeans
24,64,19,28.89,48.57,6.91,55.6,mothbeans
21,41,20,31.02,55.69,7.38,48.63,mothbeans
24,49,17,28.74,47.05,6.42,52.89,mothbeans
22,40,23,29.24,48.77,5.88,49.55,mothbeans
18,48,18,24.09,50.67,6.62,57.34,mothbeans
17,58,14,30.72,51.65,7.32,51.8,mothbeans
26,45,16,30.94,52.32,6.93,63.35,mothbeans
15,51,18,27.84,53.43,5.9,43.21,mothbeans
27,53,19,28.59,51.23,7.61,49.0,mothbeans
22,54,17,31.22,43.82,7.78,47.27,mothbeans
19,36,18,26.02,49.35,6.72,60.58,mothbeans
22,49,16,26.34,63.79,6.36,67.56,mothbeans
19,48,23,30.64,52.34,6.57,50.44,mothbeans
22,53,20,29.34,62.83,7.03,54.12,mothbeans
13,32,21,27.91,49.91,6.95,50.4,mothbeans
26,48,17,30.08,51.7,7.12,46.23,mothbeans
17,48,20,29.06,51.39,5.7,46.67,mothbeans
24,46,19,30.07,48.73,5.87,49.39,mothbeans
18,42,19,29.08,52.94,6.98,69.13,mothbeans
19,49,18,26.41,49.49,6.51,54.59,mothbeans
32,43,18,27.97,55.37,6.96,63.84,mothbeans
8,33,18,30.29,43.61,5.0,56.71,mothbeans
22,41,17,26.56,85.94,6.45,52.45,mungbean
6,42,16,27.99,83.35,7.02,33.63,mungbean
21,51,25,27.54,86.8,5.98,29.36,mungbean
25,47,23,25.75,87.58,7.45,51.86,mungbean
22,48,15,31.21,83.06,6.9,36.0,mungbean
15,56,18,31.41,85.19,5.96,55.64,mungbean
18,52,20,25.41,86.16,7.58,52.44,mungbean
20,54,20,28.92,81.13,6.79,56.78,mungbean
16,56,19,26.72,89.49,6.59,54.58,mungbean
19,47,21,29.08,77.52,6.25,55.94,mungbean
20,44,15,26.34,77.41,6.66,43.71,mungbean
16,47,21,32.69,79.45,7.16,56.28,mungbean
17,49,18,28.87,91.54,6.94,52.57,mungbean
18,39,19,30.91,79.39,6.28,49.51,mungbean
16,43,18,25.77,81.6,6.98,38.04,mungbean
13,44,22,28.11,83.64,6.72,34.53,mungbean
23,50,18,30.51,80.99,7.15,49.74,mungbean
19,47,19,30.94,81.19,6.39,56.79,mungbean
18,53,25,27.7,88.23,6.24,54.54,mungbean
21,50,18,25.18,87.51,5.87,45.96,mungbean
25,49,25,30.55,82.88,6.71,48.12,mungbean
13,42,18,24.43,85.69,6.6,35.12,mungbean
23,52,20,27.85,87.87,6.97,50.96,mungbean
16,49,23,27.31,93.89,6.49,48.76,mungbean
17,49,14,27.41,81.13,6.75,56.46,mungbean
24,33,26,29.09,82.39,6.76,49.91,mungbean
17,49,18,27.69,82.75,6.13,49.67,mungbean
23,51,22,29.15,83.37,7.04,37.64,mungbean
16,42,23,30.39,87.45,7.13,41.47,mungbean
22,47,22,28.27,83.96,6.92,55.51,mungbean
17,47,16,23.5,86.3,6.94,50.6,mungbean
11,45,13,31.24,81.16,7.2,56.07,mungbean
16,41,21,26.81,85.91,6.51,34.25,mungbean
9,49,18,27.39,88.28,7.17,46.32,mungbean
19,51,15,28.95,87.71,6.97,33.01,mungbean
17,42,20,29.46,91.49,6.5,44.52,mungbean
26,49,23,29.08,80.87,6.17,36.09,mungbean
24,55,25,30.19,90.15,6.47,39.25,mungbean
25,50,20,29.27,86.79,7.21,58.86,mungbean
23,53,21,27.58,88.53,6.14,56.93,mungbean
15,49,17,29.61,85.36,6.06,51.87,mungbean
18,53,20,29.29,81.67,6.46,44.83,mungbean
25,58,17,30.65,76.82,6.22,40.83,mungbean
14,38,21,28.07,87.02,6.98,50.62,mungbean
24,47,16,30.62,83.14,6.33,47.08,mungbean
16,45,21,29.2,81.91,6.5,57.09,mungbean
23,60,23,30.79,79.95,7.01,48.08,mungbean
18,49,22,29.5,81.99,7.0,43.4,mungbean
22,46,19,30.03,81.34,7.48,33.93,mungbean
18,50,21,28.3,85.27,6.86,46.65,mungbean
27,53,22,26.57,85.18,6.58,40.46,mungbean
22,44,21,26.36,92.38,6.34,50.25,mungbean
24,44,22,26.04,91.31,6.71,43.73,mungbean
19,52,18,27.0,84.61,6.23,63.06,mungbean
18,52,20,26.53,85.48,7.01,46.99,mungbean
26,54,22,27.58,81.18,6.45,50.07,mungbean
23,34,19,28.82,84.39,7.22,51.87,mungbean
27,46,22,31.77,90.75,6.26,46.47,mungbean
19,50,22,26.82,85.77,5.89,60.04,mungbean
18,48,19,30.79,74.15,6.69,47.65,mungbean
18,58,17,30.04,86.93,7.2,43.16,mungbean
17,54,21,25.41,83.34,6.85,55.2,mungbean
17,30,21,26.06,77.43,5.57,55.01,mungbean
21,46,24,29.77,91.97,6.14,48.22,mungbean
12,46,19,29.75,85.68,6.95,54.13,mungbean
31,46,17,28.99,82.29,7.29,46.23,mungbean
18,45,22,28.18,82.93,7.37,41.65,mungbean
21,51,15,29.46,81.28,7.03,40.8,mungbean
24,54,22,29.0,84.57,6.47,60.27,mungbean
17,41,21,26.91,81.7,6.12,44.64,mungbean
20,49,22,29.55,84.74,6.62,52.58,mungbean
27,48,18,26.51,79.72,6.97,53.12,mungbean
23,47,24,27.53,89.32,6.68,43.63,mungbean
23,50,21,28.66,85.35,7.66,57.97,mungbean
24,48,23,29.54,85.6,6.58,47.85,mungbean
5,49,18,31.69,85.58,6.22,48.1,mungbean
15,50,20,30.42,82.34,6.71,37.58,mungbean
24,51,21,28.5,87.16,7.34,46.22,mungbean
21,41,17,28.7,89.92,6.6,46.61,mungbean
18,44,20,25.51,90.62,6.43,54.28,mungbean
14,52,22,29.27,81.52,6.8,39.04,mungbean
19,54,22,28.53,81.6,6.96,48.66,mungbean
9,52,19,30.9,81.12,5.43,50.73,mungbean
22,37,17,34.01,84.28,6.99,43.29,mungbean
10,46,19,27.7,85.04,6.81,47.3,mungbean
14,50,14,24.4,88.46,6.9,48.04,mungbean
14,43,19,25.31,82.54,6.96,59.92,mungbean
18,52,14,29.82,82.28,6.82,46.52,mungbean
27,42,21,27.94,84.87,6.63,41.73,mungbean
20,47,20,28.67,88.69,7.07,40.1,mungbean
25,40,21,29.74,77.85,6.74,44.75,mungbean
17,56,18,26.89,85.8,6.97,47.37,mungbean
26,51,13,27.44,83.25,6.89,27.5,mungbean
33,51,20,30.86,94.87,7.05,56.09,mungbean
21,47,18,26.85,82.75,6.16,47.89,mungbean
12,49,19,28.79,83.41,7.93,59.38,mungbean
14,49,18,26.47,80.14,6.87,43.05,mungbean
25,53,24,26.8,87.4,6.95,44.71,mungbean
17,57,20,29.77,82.21,6.21,43.94,mungbean
20,41,19,25.12,81.02,6.97,53.33,mungbean
36,58,15,28.97,68.87,7.47,62.83,blackgram
30,69,16,28.6,72.95,7.43,69.38,blackgram
29,68,22,28.96,73.11,7.62,84.44,blackgram
42,71,23,31.02,61.99,6.92,70.19,blackgram
29,65,22,24.42,74.21,7.55,63.2,blackgram
44,67,22,32.36,56.6,7.33,65.74,blackgram
40,61,24,32.5,60.56,6.57,63.94,blackgram
43,68,22,31.87,70.82,7.23,53.91,blackgram
38,75,18,31.16,63.09,6.69,66.57,blackgram
42,61,18,27.55,71.72,6.98,82.33,blackgram
52,66,15,24.69,56.17,6.55,81.58,blackgram
40,70,12,26.91,70.32,7.21,66.33,blackgram
44,80,18,30.07,66.16,8.06,46.81,blackgram
45,66,20,28.26,64.71,7.38,98.93,blackgram
46,60,17,28.77,54.23,6.97,75.13,blackgram
29,75,20,28.06,64.15,7.74,75.14,blackgram
40,65,19,28.62,52.37,7.92,69.35,blackgram
43,66,16,29.44,55.4,8.01,55.45,blackgram
31,63,22,29.94,57.58,7.6,75.11,blackgram
44,72,26,35.36,60.88,7.75,71.63,blackgram
43,53,18,27.87,69.97,7.53,47.06,blackgram
39,75,18,31.72,67.11,7.24,65.09,blackgram
30,58,21,29.95,64.17,6.93,64.75,blackgram
48,64,14,31.76,63.77,7.11,83.88,blackgram
39,69,15,29.35,68.66,6.48,69.81,blackgram
40,67,22,30.74,73.87,6.7,69.16,blackgram
40,58,21,35.71,64.9,7.3,68.65,blackgram
34,52,16,26.42,75.22,7.05,64.34,blackgram
47,58,16,30.07,71.17,7.3,70.28,blackgram
40,70,19,27.33,65.28,6.67,68.61,blackgram
36,87,18,26.39,64.19,7.31,84.53,blackgram
35,54,21,26.45,62.38,7.0,67.1,blackgram
45,61,18,29.86,65.9,7.14,72.16,blackgram
46,70,20,25.94,65.3,7.29,75.09,blackgram
34,61,17,31.24,71.2,6.94,76.88,blackgram
40,66,18,31.77,66.95,8.01,59.28,blackgram
44,62,16,29.87,65.82,8.27,65.96,blackgram
30,69,12,29.67,65.1,7.42,77.54,blackgram
35,65,16,27.08,66.86,6.59,63.65,blackgram
32,71,24,26.65,53.88,7.05,67.96,blackgram
41,63,18,30.82,71.24,6.32,64.11,blackgram
41,59,24,28.31,64.75,7.32,61.89,blackgram
25,63,22,29.06,59.92,7.47,64.49,blackgram
35,68,21,35.85,69.96,7.56,62.74,blackgram
31,67,19,27.2,63.95,7.26,71.4,blackgram
44,69,17,28.62,57.81,7.81,67.93,blackgram
38,59,27,27.22,62.43,7.27,73.8,blackgram
47,81,20,27.26,63.46,7.22,88.48,blackgram
28,76,19,31.99,64.39,6.76,75.31,blackgram
45,74,18,28.4,55.65,7.43,72.04,blackgram
32,62,17,26.19,60.09,6.65,63.68,blackgram
34,53,25,33.03,60.33,7.21,71.97,blackgram
49,60,22,28.53,56.98,7.39,80.71,blackgram
60,57,21,28.88,69.7,6.51,55.17,blackgram
33,67,17,31.55,71.16,7.34,83.99,blackgram
43,57,23,28.39,70.46,7.73,72.37,blackgram
28,59,22,29.48,65.48,7.4,74.76,blackgram
42,65,18,32.04,68.32,7.0,78.62,blackgram
38,60,16,27.45,63.37,7.59,59.75,blackgram
41,61,18,26.12,63.68,7.02,73.2,blackgram
41,57,22,30.43,66.19,7.1,62.62,blackgram
41,70,13,28.55,63.47,7.2,79.73,blackgram
33,63,17,27.9,62.92,7.41,57.26,blackgram
43,53,17,29.08,75.05,6.99,45.79,blackgram
24,67,20,30.84,66.01,7.56,62.4,blackgram
47,53,16,25.38,63.35,7.08,68.94,blackgram
40,59,18,26.16,73.18,6.98,62.91,blackgram
52,57,15,27.16,64.59,7.27,75.2,blackgram
60,49,20,28.51,61.48,6.85,58.71,blackgram
53,73,19,33.28,55.92,6.57,46.02,blackgram
34,68,19,30.27,56.53,7.42,70.2,blackgram
45,51,19,26.93,62.62,7.31,68.71,blackgram
33,67,14,32.78,63.77,7.55,62.53,blackgram
35,60,21,28.13,68.87,6.95,48.04,blackgram
35,57,19,26.92,70.56,7.06,66.02,blackgram
45,74,18,27.97,54.36,6.83,61.63,blackgram
40,64,21,28.37,64.66,7.57,71.22,blackgram
39,62,17,27.77,61.75,7.4,65.58,blackgram
29,81,19,26.38,62.35,7.14,84.85,blackgram
31,74,23,28.33,63.33,6.69,65.77,blackgram
39,72,22,28.03,53.2,7.09,70.74,blackgram
41,64,19,33.69,67.29,6.95,62.8,blackgram
38,80,18,29.85,62.11,7.54,87.4,blackgram
43,67,19,23.94,69.47,7.15,72.08,blackgram
34,63,17,32.45,62.73,7.93,72.11,blackgram
29,65,17,24.41,74.6,7.38,73.13,blackgram
41,55,17,32.0,58.69,6.09,65.53,blackgram
38,68,21,31.49,66.55,7.58,52.61,blackgram
44,72,15,26.14,60.52,6.84,75.33,blackgram
35,60,17,32.7,65.08,7.03,66.7,blackgram
50,61,22,30.43,64.04,8.1,57.24,blackgram
37,57,21,34.12,75.02,7.59,65.82,blackgram
37,53,25,31.07,62.05,7.63,58.07,blackgram
43,65,20,29.74,56.29,7.13,78.29,blackgram
39,73,15,29.83,61.25,7.4,68.11,blackgram
45,75,21,30.58,59.01,7.1,62.47,blackgram
37,64,16,25.01,60.99,7.18,54.32,blackgram
40,82,22,34.01,67.35,7.57,60.56,blackgram
34,45,22,33.75,61.68,7.0,60.26,blackgram
43,75,13,30.92,63.34,7.15,72.39,blackgram
17,67,18,26.93,66.89,6.99,35.43,lentil
16,75,19,26.15,73.63,7.32,46.35,lentil
15,47,18,23.68,66.75,6.84,43.04,lentil
10,60,20,28.79,64.31,7.03,53.22,lentil
14,70,16,26.66,65.56,7.02,39.34,lentil
20,84,15,23.65,65.96,7.21,41.12,lentil
6,78,21,20.14,61.76,7.53,57.18,lentil
21,66,19,24.17,70.44,6.55,39.15,lentil
22,67,23,22.82,64.53,6.53,45.66,lentil
12,64,14,26.23,68.38,6.21,56.27,lentil
27,68,17,31.56,58.21,6.91,47.04,lentil
23,70,17,22.12,63.09,6.5,45.98,lentil
15,56,22,23.26,58.46,6.83,46.15,lentil
11,70,15,28.78,67.42,6.74,39.64,lentil
17,72,18,23.96,65.09,6.66,42.85,lentil
9,75,19,22.57,74.29,6.93,37.31,lentil
21,71,20,23.44,67.05,6.8,50.05,lentil
10,64,24,22.58,61.78,6.72,35.88,lentil
9,66,19,24.37,64.08,6.92,53.78,lentil
17,63,18,25.95,71.86,6.65,46.39,lentil
19,60,19,20.84,55.95,7.05,42.53,lentil
18,67,16,24.39,58.63,7.46,34.75,lentil
17,59,20,23.67,62.21,7.24,45.84,lentil
20,60,14,24.77,63.21,7.15,44.96,lentil
18,55,24,24.09,68.29,6.57,48.06,lentil
12,71,17,24.57,68.29,6.41,40.12,lentil
19,84,18,25.98,64.27,7.68,31.62,lentil
18,54,11,25.24,65.5,6.79,44.75,lentil
30,65,20,22.88,66.28,6.8,42.32,lentil
25,77,19,18.74,62.99,7.98,43.75,lentil
22,79,19,22.4,52.62,7.17,39.08,lentil
18,58,18,24.58,66.14,6.45,55.18,lentil
15,54,18,24.59,65.6,7.44,43.71,lentil
17,59,21,24.96,62.7,6.14,57.16,lentil
13,63,20,21.51,57.33,6.05,51.37,lentil
15,91,16,22.2,61.97,7.0,41.84,lentil
20,60,14,20.0,53.68,6.69,43.19,lentil
15,77,22,23.66,55.83,6.67,40.8,lentil
15,62,17,23.53,61.62,6.98,48.48,lentil
14,78,16,20.46,66.7,6.57,48.17,lentil
8,79,21,20.75,57.41,7.57,39.7,lentil
14,49,17,23.93,68.38,6.34,33.44,lentil
19,76,14,27.2,64.99,7.34,45.04,lentil
7,66,22,22.27,62.86,6.83,22.4,lentil
24,60,20,24.28,71.09,7.06,43.72,lentil
14,74,13,26.11,59.3,7.4,46.89,lentil
20,68,13,22.35,68.16,6.97,55.05,lentil
19,60,16,24.76,53.23,7.57,49.13,lentil
22,55,22,30.08,58.2,7.21,45.61,lentil
11,71,21,23.0,70.63,6.23,33.64,lentil
18,68,16,26.52,67.45,7.24,44.61,lentil
20,64,25,22.47,75.33,6.91,34.6,lentil
23,69,21,27.56,66.49,6.66,53.41,lentil
18,73,12,25.62,61.61,7.56,50.58,lentil
18,71,16,28.56,74.76,7.06,58.32,lentil
15,61,19,25.59,62.83,7.12,48.05,lentil
14,72,21,24.93,70.56,6.41,49.34,lentil
13,59,17,22.14,62.06,6.81,52.3,lentil
16,55,22,22.41,64.51,7.08,47.2,lentil
22,71,16,29.95,65.77,6.84,53.31,lentil
18,71,26,23.81,63.21,6.95,54.17,lentil
11,52,17,20.42,62.68,7.1,38.47,lentil
12,68,21,20.26,68.9,7.23,53.23,lentil
22,85,17,24.77,62.72,6.9,57.86,lentil
12,61,23,27.05,62.98,7.24,48.33,lentil
24,68,22,31.11,67.79,6.92,51.38,lentil
16,87,19,23.82,60.62,7.34,52.54,lentil
16,72,14,24.96,67.06,7.58,39.43,lentil
12,60,14,27.84,72.54,7.03,55.37,lentil
18,67,18,23.72,57.06,7.01,45.28,lentil
20,68,18,22.32,65.16,7.2,36.45,lentil
18,69,16,23.03,65.95,6.45,48.4,lentil
14,76,26,22.35,67.47,6.61,53.93,lentil
12,71,16,23.98,59.64,7.23,38.9,lentil
20,65,18,24.87,60.99,6.98,57.84,lentil
14,77,23,22.46,57.52,7.02,41.22,lentil
25,68,16,21.63,70.25,6.67,45.95,lentil
21,64,18,24.46,68.22,7.14,43.84,lentil
18,65,14,25.14,74.26,6.55,39.42,lentil
14,73,20,24.1,60.21,6.94,33.08,lentil
18,74,15,20.67,72.7,6.66,54.69,lentil
17,66,20,22.29,65.46,6.75,35.04,lentil
19,65,18,21.47,72.76,7.25,53.31,lentil
16,54,24,24.35,61.06,7.07,54.94,lentil
17,78,22,21.81,61.43,7.28,23.9,lentil
17,56,17,23.75,63.01,6.68,36.82,lentil
27,82,15,28.46,62.8,6.95,45.09,lentil
15,75,19,23.31,58.28,6.54,32.47,lentil
18,58,18,27.93,70.8,6.89,44.9,lentil
25,72,18,20.93,66.77,7.23,40.55,lentil
19,65,18,18.28,63.69,7.29,40.55,lentil
18,61,20,23.96,60.1,7.43,53.03,lentil
15,71,20,26.11,56.33,7.3,41.04,lentil
16,89,19,23.53,53.77,7.46,34.84,lentil
13,65,23,26.43,64.01,7.02,40.8,lentil
18,68,21,26.92,67.27,6.76,51.53,lentil
17,59,17,24.71,69.35,6.83,35.93,lentil
18,68,19,26.8,69.89,6.66,40.67,lentil
13,73,23,23.71,63.59,7.49,49.64,lentil
19,58,21,22.18,59.13,6.76,40.91,lentil
16,12,44,24.96,84.26,6.89,95.34,pomegranate
22,17,40,21.28,93.74,5.78,116.62,pomegranate
23,20,51,20.32,92.97,6.35,126.0,pomegranate
17,16,46,20.42,85.86,6.14,116.79,pomegranate
24,18,46,18.0,88.77,6.26,105.78,pomegranate
18,20,37,22.19,89.96,5.94,105.79,pomegranate
17,17,40,22.01,88.8,7.04,89.96,pomegranate
14,29,34,18.01,92.3,5.36,103.97,pomegranate
28,11,30,17.6,92.8,6.96,99.81,pomegranate
21,23,48,21.11,83.2,5.99,101.1,pomegranate
16,17,45,25.37,89.58,6.95,112.86,pomegranate
18,21,40,27.56,85.78,6.14,105.6,pomegranate
20,23,39,17.82,92.63,6.78,78.37,pomegranate
17,11,36,19.27,92.53,6.46,88.22,pomegranate
22,12,41,19.52,89.0,6.65,115.32,pomegranate
24,17,41,20.57,90.65,6.62,106.03,pomegranate
8,19,41,19.9,86.25,7.14,114.87,pomegranate
16,13,35,25.45,90.51,6.12,115.15,pomegranate
13,24,46,20.49,88.21,5.09,85.28,pomegranate
11,18,38,18.03,89.26,6.65,115.42,pomegranate
8,17,33,24.32,92.45,5.95,96.01,pomegranate
15,8,41,21.04,93.01,5.85,98.21,pomegranate
10,13,34,24.59,88.01,6.46,101.79,pomegranate
11,17,42,18.42,92.53,5.98,100.26,pomegranate
20,15,40,20.92,90.49,5.21,80.05,pomegranate
21,22,35,21.12,90.98,6.75,77.08,pomegranate
13,16,43,28.8,89.42,5.7,113.53,pomegranate
24,18,35,24.48,92.09,5.89,113.22,pomegranate
22,22,39,20.8,93.78,5.79,114.08,pomegranate
11,22,38,25.35,91.57,5.79,128.87,pomegranate
25,21,36,20.94,90.54,6.05,132.89,pomegranate
18,7,41,20.83,89.88,6.22,119.61,pomegranate
23,19,38,21.68,90.16,6.0,116.18,pomegranate
20,24,46,19.88,92.56,5.92,117.94,pomegranate
15,13,41,14.31,84.85,6.31,108.74,pomegranate
16,11,35,22.9,91.85,6.39,124.85,pomegranate
19,15,38,17.87,89.78,6.96,117.78,pomegranate
25,16,46,21.26,94.51,6.39,118.11,pomegranate
25,17,41,25.41,89.7,5.74,139.65,pomegranate
15,18,45,20.1,87.08,6.53,80.6,pomegranate
16,18,38,17.48,94.88,6.45,128.97,pomegranate
16,14,41,21.2,86.57,7.13,98.17,pomegranate
8,23,37,20.1,84.8,7.27,88.16,pomegranate
18,21,42,21.63,85.0,6.0,110.32,pomegranate
14,18,43,24.5,86.42,7.5,119.01,pomegranate
17,22,51,17.77,89.42,5.21,110.39,pomegranate
19,17,36,16.06,91.22,7.13,98.63,pomegranate
20,11,42,20.7,87.81,6.02,101.6,pomegranate
19,12,38,21.68,86.8,7.3,94.7,pomegranate
14,14,48,23.35,87.29,6.95,110.51,pomegranate
19,16,36,22.75,88.46,7.31,88.46,pomegranate
25,17,41,24.13,88.21,6.83,66.89,pomegranate
14,14,33,21.2,91.26,6.75,111.11,pomegranate
14,19,40,24.42,92.43,6.42,94.04,pomegranate
14,15,38,22.55,92.25,6.37,107.74,pomegranate
18,15,35,16.88,88.01,6.64,96.96,pomegranate
16,19,42,18.78,93.09,6.96,90.55,pomegranate
13,22,39,15.58,85.9,6.28,90.05,pomegranate
15,18,47,20.99,93.32,7.11,129.01,pomegranate
19,10,42,24.74,89.86,7.27,120.4,pomegranate
20,22,41,14.82,88.6,7.0,95.39,pomegranate
16,13,48,26.51,87.45,6.47,97.29,pomegranate
21,20,44,22.73,98.91,5.89,81.84,pomegranate
16,11,32,19.0,87.33,5.92,115.27,pomegranate
15,17,44,19.65,89.31,6.58,78.38,pomegranate
6,19,42,27.58,90.57,6.81,104.57,pomegranate
19,24,29,22.96,96.51,6.54,132.26,pomegranate
14,17,40,15.59,86.6,5.85,119.83,pomegranate
22,19,44,21.34,93.71,6.4,108.37,pomegranate
16,20,37,24.53,86.7,5.85,117.81,pomegranate
17,16,44,20.1,89.5,7.1,130.59,pomegranate
25,16,46,19.14,87.38,5.22,132.59,pomegranate
13,17,35,23.75,88.97,5.75,114.12,pomegranate
10,14,29,17.81,90.64,5.42,85.28,pomegranate
17,15,49,26.93,87.5,6.68,118.74,pomegranate
15,12,39,21.32,88.79,6.62,96.24,pomegranate
12,18,41,18.51,92.88,5.51,98.83,pomegranate
16,15,37,27.04,87.55,7.62,114.06,pomegranate
18,19,52,19.02,86.74,6.02,107.98,pomegranate
9,18,48,22.22,89.22,6.09,120.98,pomegranate
13,25,49,22.52,90.07,6.92,123.92,pomegranate
13,15,33,22.95,92.1,5.73,100.67,pomegranate
11,14,42,19.75,89.2,5.59,110.3,pomegranate
17,15,39,22.3,87.66,5.66,134.58,pomegranate
14,17,45,31.68,86.37,6.62,96.89,pomegranate
15,15,34,21.68,85.68,6.87,108.33,pomegranate
20,16,38,22.61,86.61,6.22,94.61,pomegranate
13,9,46,19.88,93.59,6.93,88.21,pomegranate
12,28,48,21.71,90.87,6.08,113.99,pomegranate
14,9,33,21.86,86.71,6.37,91.38,pomegranate
14,21,41,21.77,92.74,6.64,129.2,pomegranate
15,16,33,20.6,92.99,7.05,121.9,pomegranate
9,22,30,24.31,89.0,6.75,87.51,pomegranate
23,12,36,19.01,84.84,6.45,134.59,pomegranate
31,18,45,22.45,91.6,6.23,110.43,pomegranate
20,15,39,21.64,92.58,5.87,106.73,pomegranate
27,22,46,21.87,91.06,6.9,130.9,pomegranate
8,12,46,21.02,88.08,5.77,99.17,pomegranate
10,26,39,21.64,91.86,6.88,121.69,pomegranate
23,15,38,23.95,88.52,6.4,113.48,pomegranate
109,67,54,26.88,83.13,6.31,123.79,banana
116,92,58,27.82,80.43,6.35,113.28,banana
96,85,49,25.76,85.46,6.02,129.08,banana
80,77,50,29.35,81.9,6.12,90.97,banana
86,84,41,26.34,82.3,5.61,123.76,banana
114,69,44,23.19,77.17,6.31,99.53,banana
105,69,54,26.3,80.35,5.96,89.24,banana
86,89,52,29.19,81.6,6.06,83.79,banana
96,81,61,28.54,86.44,6.24,95.96,banana
101,83,44,26.61,79.48,6.64,79.53,banana
114,74,41,29.42,83.23,6.5,114.11,banana
124,86,49,27.92,85.27,5.69,96.68,banana
96,65,50,23.9,80.51,6.35,98.78,banana
120,70,57,28.52,73.44,7.08,103.74,banana
89,70,48,27.07,80.71,5.88,112.1,banana
95,66,49,23.04,81.72,5.61,106.46,banana
115,74,56,26.52,87.31,5.85,94.41,banana
108,78,44,26.44,80.12,6.54,81.29,banana
100,86,51,29.66,80.0,5.93,111.61,banana
101,78,53,26.13,77.86,5.79,120.74,banana
61,85,50,24.27,81.54,6.19,111.58,banana
68,92,45,28.54,83.26,5.65,112.43,banana
95,65,57,25.9,76.88,5.84,107.77,banana
99,86,41,25.96,79.84,6.76,103.13,banana
113,82,47,26.86,79.63,6.24,121.0,banana
104,91,44,26.55,77.4,6.13,100.19,banana
108,74,50,28.54,72.04,6.85,101.1,banana
75,83,50,27.15,84.26,6.3,108.07,banana
105,81,60,24.64,80.86,6.03,114.26,banana
89,68,50,27.81,86.26,5.49,118.36,banana
128,78,42,26.57,80.36,6.23,97.4,banana
118,73,39,29.29,71.2,5.92,141.91,banana
99,73,49,27.21,80.94,6.26,92.03,banana
120,83,54,26.17,85.45,5.9,107.83,banana
88,74,54,26.5,76.88,5.74,112.89,banana
92,81,50,23.85,74.42,6.13,95.66,banana
112,89,54,30.58,79.97,6.26,97.49,banana
129,97,50,28.0,85.74,5.94,96.62,banana
110,82,51,25.8,73.43,6.09,115.36,banana
97,93,45,25.4,80.03,5.97,113.74,banana
90,92,61,27.23,85.3,5.58,117.4,banana
112,88,49,21.98,77.73,5.75,92.76,banana
101,78,45,25.39,77.44,6.45,96.57,banana
93,78,52,28.12,68.12,6.41,121.74,banana
87,74,47,25.94,81.2,5.22,91.08,banana
118,74,57,27.94,73.06,6.25,103.09,banana
94,83,52,28.57,85.01,6.16,87.99,banana
94,105,54,31.56,85.88,6.1,108.12,banana
99,68,50,29.48,77.9,6.16,114.72,banana
89,78,43,25.82,75.15,5.64,121.53,banana
89,83,46,29.42,85.54,6.35,108.17,banana
97,72,61,25.93,82.95,6.42,97.84,banana
112,88,60,26.46,75.16,5.8,107.01,banana
100,78,38,28.15,88.19,6.19,111.81,banana
106,85,55,28.01,79.05,5.68,101.51,banana
103,79,51,28.09,83.63,6.51,105.44,banana
84,79,50,24.0,85.85,6.06,109.08,banana
116,76,53,27.1,79.56,5.69,124.49,banana
95,87,38,29.42,84.51,6.04,101.78,banana
104,100,39,28.71,76.65,5.99,101.53,banana
94,81,43,29.15,73.12,6.22,100.58,banana
85,83,40,27.37,74.61,6.18,93.41,banana
94,84,45,27.2,74.24,6.25,125.68,banana
133,82,54,24.09,86.31,6.31,98.69,banana
114,79,47,28.16,76.05,6.41,91.83,banana
87,74,54,26.19,74.91,5.76,104.12,banana
85,72,62,25.75,79.01,5.85,99.44,banana
107,89,48,25.07,85.4,5.96,125.26,banana
73,83,61,26.66,79.4,6.12,97.79,banana
96,79,46,29.51,82.14,6.1,114.2,banana
96,75,46,27.3,76.06,5.8,98.31,banana
125,59,48,30.41,80.79,6.3,105.7,banana
91,64,51,25.9,77.1,5.8,125.44,banana
128,83,47,25.18,82.17,6.71,101.53,banana
71,87,55,24.45,81.01,6.18,103.62,banana
90,90,47,24.63,72.1,6.5,111.9,banana
101,78,46,25.36,78.57,5.15,95.67,banana
96,86,49,28.73,85.7,6.42,110.15,banana
100,74,54,30.32,81.67,6.77,86.19,banana
86,88,51,29.66,80.24,5.65,101.94,banana
81,72,55,28.87,81.75,5.31,100.2,banana
85,91,46,25.35,80.42,5.74,122.3,banana
91,70,37,27.24,78.05,5.43,118.77,banana
108,81,58,28.49,77.01,5.58,114.32,banana
104,83,44,28.39,77.28,5.96,121.86,banana
92,69,43,29.09,81.32,5.95,98.39,banana
105,75,51,25.98,76.71,5.75,100.0,banana
99,83,27,25.85,78.73,6.6,91.54,banana
101,93,42,28.01,77.09,5.8,94.86,banana
91,103,55,29.28,82.27,5.36,109.24,banana
112,75,55,28.57,87.71,5.83,91.33,banana
95,93,39,23.58,80.66,5.82,104.59,banana
111,77,38,30.98,76.31,5.58,117.74,banana
95,81,52,29.25,78.97,6.61,78.87,banana
109,75,58,27.56,77.61,6.27,115.22,banana
107,73,47,27.29,80.13,6.3,80.32,banana
104,79,44,25.96,79.44,4.56,96.08,banana
89,86,45,26.91,86.47,6.4,115.33,banana
94,86,48,26.95,81.94,5.76,122.42,banana
98,86,58,29.16,74.66,6.18,114.71,banana
24,21,26,33.69,46.29,5.68,113.61,mango
19,23,25,32.03,43.43,5.7,98.7,mango
26,30,26,34.15,48.6,5.31,92.64,mango
27,27,30,35.29,42.94,5.29,75.31,mango
21,27,37,31.81,48.08,5.8,96.11,mango
11,40,32,31.73,53.18,6.08,93.01,mango
16,29,31,29.18,57.2,5.92,103.46,mango
26,27,31,33.23,46.48,5.82,96.21,mango
15,38,22,27.95,56.67,6.09,82.39,mango
23,34,29,37.7,41.48,6.08,108.7,mango
24,25,28,32.31,54.18,6.04,107.18,mango
14,25,25,30.23,55.18,5.84,125.98,mango
20,27,30,29.61,49.81,6.25,96.07,mango
16,22,27,31.38,56.07,5.26,90.86,mango
20,17,25,29.5,46.12,5.88,92.77,mango
17,29,38,35.3,40.49,6.03,92.56,mango
20,25,30,31.58,47.21,5.44,89.32,mango
21,29,34,29.96,51.52,6.19,108.69,mango
19,25,30,28.33,49.13,6.1,102.4,mango
18,28,25,32.96,49.71,5.69,90.36,mango
19,24,33,30.21,58.06,6.39,84.0,mango
20,23,28,36.21,48.56,5.94,101.2,mango
14,22,23,28.99,35.85,6.02,119.35,mango
20,19,26,30.05,45.01,6.14,104.42,mango
14,30,37,35.96,64.43,5.44,128.59,mango
18,24,31,29.74,52.1,5.27,91.83,mango
26,26,30,32.39,55.95,5.14,101.71,mango
18,27,35,28.21,45.04,5.03,88.11,mango
26,26,23,29.99,42.66,5.35,99.37,mango
14,32,29,31.41,48.71,6.11,104.1,mango
21,29,28,32.56,48.41,5.8,91.4,mango
17,23,32,34.48,55.96,5.3,110.17,mango
18,30,25,31.55,51.67,5.21,102.0,mango
26,26,36,30.73,54.35,4.91,123.73,mango
27,25,20,31.92,42.88,5.98,99.64,mango
15,32,34,33.64,50.14,5.23,106.43,mango
18,20,36,36.45,49.89,6.66,95.8,mango
18,23,38,29.25,53.78,5.58,89.18,mango
25,25,27,34.03,58.09,6.06,86.84,mango
17,27,31,28.73,53.72,5.83,74.11,mango
15,24,29,35.92,51.29,5.46,97.35,mango
18,28,32,34.22,49.98,6.46,105.6,mango
16,38,31,29.11,58.36,6.63,94.3,mango
17,26,33,34.39,52.95,5.84,112.68,mango
18,32,28,32.28,49.53,5.78,90.17,mango
26,23,26,36.5,54.99,4.85,87.92,mango
10,22,14,30.86,44.39,5.82,75.2,mango
20,24,37,34.73,54.03,5.67,118.52,mango
12,19,29,36.84,49.09,5.73,77.4,mango
24,31,33,29.63,46.57,5.28,95.71,mango
14,21,27,29.98,47.41,5.99,95.65,mango
18,27,25,31.46,50.85,5.2,106.65,mango
15,27,35,33.51,50.27,5.66,106.07,mango
23,23,26,26.02,50.87,5.77,108.33,mango
21,33,26,34.05,47.46,6.11,77.19,mango
21,17,28,32.3,47.5,5.38,104.85,mango
19,24,30,37.79,55.87,6.27,99.93,mango
20,15,26,30.0,40.73,5.34,70.93,mango
19,31,35,32.24,45.28,5.03,73.62,mango
13,22,29,28.66,51.79,5.71,94.83,mango
25,21,32,31.17,48.43,6.15,105.25,mango
15,26,31,30.52,53.03,5.91,116.69,mango
12,26,25,32.71,42.01,5.94,87.14,mango
16,19,27,33.91,49.97,6.05,114.68,mango
21,24,32,29.84,47.58,5.19,105.82,mango
18,27,24,32.29,46.29,5.74,105.23,mango
23,26,21,38.68,58.83,6.09,85.66,mango
19,24,36,31.86,46.18,5.61,108.15,mango
28,34,33,30.57,33.89,5.92,94.68,mango
20,27,23,32.59,53.26,6.07,106.06,mango
23,24,29,31.43,50.64,6.2,102.42,mango
30,38,30,21.61,56.28,5.58,85.08,mango
18,24,33,27.3,44.71,5.94,102.18,mango
23,23,25,29.93,51.3,6.39,70.13,mango
18,20,21,33.62,52.82,5.98,105.75,mango
17,24,40,30.58,53.78,5.8,72.52,mango
9,24,35,33.17,54.67,5.41,114.09,mango
15,28,29,30.77,56.79,5.52,78.5,mango
20,25,46,32.89,48.05,5.38,72.14,mango
14,27,37,34.0,51.25,5.67,97.93,mango
17,35,29,30.98,39.02,5.72,104.74,mango
14,23,33,27.51,55.39,5.59,90.04,mango
14,28,42,33.15,45.78,6.25,90.9,mango
26,31,15,28.69,54.82,5.86,82.41,mango
16,17,29,36.73,54.12,6.68,105.29,mango
25,36,31,30.73,55.26,6.38,88.94,mango
16,27,34,33.2,42.98,6.56,87.01,mango
18,22,43,31.81,45.85,6.15,103.93,mango
19,31,25,29.97,40.05,5.27,116.39,mango
28,27,38,30.8,48.88,5.82,93.2,mango
18,32,30,32.98,55.26,5.96,83.06,mango
13,27,29,31.42,50.02,6.83,78.74,mango
10,28,28,31.99,53.02,6.31,76.61,mango
17,29,33,36.68,54.88,5.78,84.01,mango
17,24,33,31.84,43.48,5.63,105.23,mango
21,29,31,35.27,51.28,5.65,83.71,mango
21,14,29,30.69,43.28,5.43,104.42,mango
21,27,31,31.43,56.31,5.85,77.2,mango
28,28,27,28.07,52.08,5.75,113.59,mango
18,22,34,33.51,50.94,6.07,94.25,mango
24,145,209,23.12,85.86,5.05,90.12,grapes
12,124,199,23.21,84.82,5.58,72.21,grapes
19,135,199,24.17,80.15,5.8,72.47,grapes
28,124,186,26.25,81.7,6.33,60.54,grapes
12,125,188,23.48,79.89,6.3,66.72,grapes
23,133,202,23.7,83.33,5.68,83.59,grapes
21,116,202,20.4,83.8,6.88,61.73,grapes
24,110,206,20.26,79.93,5.56,76.92,grapes
29,132,187,30.16,79.55,5.14,74.18,grapes
16,143,194,26.21,86.0,5.52,63.94,grapes
22,150,190,21.42,83.23,5.77,71.13,grapes
13,158,179,22.51,81.7,6.77,56.35,grapes
34,141,206,19.86,83.51,5.71,82.27,grapes
17,130,191,19.85,84.02,6.21,81.69,grapes
12,144,237,21.99,87.49,5.89,55.88,grapes
21,144,187,21.4,83.58,6.0,75.45,grapes
24,137,193,24.73,79.02,6.52,63.26,grapes
29,129,203,21.82,78.75,5.3,59.05,grapes
21,134,215,22.02,79.15,5.42,74.4,grapes
31,147,210,26.35,86.89,6.13,76.06,grapes
21,115,189,23.76,81.98,6.77,70.41,grapes
30,126,195,18.48,79.57,6.21,69.68,grapes
28,134,194,32.39,81.52,6.47,65.59,grapes
27,143,203,14.38,81.85,6.49,74.87,grapes
25,111,189,25.45,83.03,6.49,68.15,grapes
25,132,185,14.78,83.09,6.07,63.42,grapes
13,139,196,26.03,87.39,5.14,62.6,grapes
21,149,175,31.54,82.21,5.96,67.62,grapes
20,144,183,25.18,80.65,5.7,95.46,grapes
25,139,217,18.11,87.06,5.0,61.91,grapes
20,138,203,23.13,81.76,5.61,54.63,grapes
27,140,223,20.64,83.88,5.89,81.5,grapes
29,134,194,27.64,83.74,5.73,56.32,grapes
21,150,217,19.35,78.3,6.51,58.24,grapes
26,124,224,20.72,85.23,6.07,72.12,grapes
11,105,196,24.79,78.42,5.56,75.21,grapes
26,130,211,19.1,80.73,6.66,70.28,grapes
23,159,179,26.99,86.79,5.87,78.2,grapes
17,123,205,26.99,85.16,6.63,68.93,grapes
30,127,213,24.63,83.14,6.17,53.55,grapes
16,133,174,27.12,84.41,6.13,58.39,grapes
31,156,202,25.84,82.41,6.21,68.4,grapes
22,142,235,18.2,81.49,5.53,85.52,grapes
19,114,209,30.78,83.79,6.08,73.69,grapes
31,121,198,21.99,78.3,5.87,80.68,grapes
26,139,202,25.89,79.4,5.88,71.52,grapes
24,135,197,22.29,91.27,6.36,73.73,grapes
21,126,198,24.97,76.16,5.37,63.23,grapes
24,129,222,17.87,79.55,6.61,70.91,grapes
28,156,189,23.4,80.98,5.22,66.5,grapes
28,138,209,22.3,79.83,6.51,64.63,grapes
24,133,221,27.69,77.91,5.52,75.39,grapes
22,126,215,24.55,81.96,6.31,65.85,grapes
32,122,209,29.54,77.67,5.86,81.02,grapes
29,129,188,27.62,85.35,5.53,57.56,grapes
24,139,195,26.52,79.67,5.15,65.36,grapes
23,128,182,16.54,80.26,6.36,82.16,grapes
30,122,182,25.79,83.71,6.16,49.46,grapes
17,131,207,26.87,82.23,6.13,70.45,grapes
27,135,200,22.73,82.04,6.19,72.27,grapes
25,148,203,21.2,84.45,5.45,58.79,grapes
25,138,181,22.27,79.98,5.81,79.04,grapes
27,131,191,18.4,86.06,6.24,62.53,grapes
27,131,195,25.54,79.58,5.86,70.81,grapes
20,140,228,20.78,76.8,5.2,68.1,grapes
19,134,201,17.39,76.36,6.12,70.95,grapes
20,112,207,28.89,82.63,5.66,70.05,grapes
14,144,201,16.73,80.9,6.19,66.27,grapes
21,117,208,21.21,75.33,5.85,79.41,grapes
20,152,206,25.16,81.41,5.97,66.97,grapes
21,138,185,19.5,78.43,6.82,74.9,grapes
24,119,209,23.33,82.44,5.61,71.2,grapes
20,122,211,17.65,83.49,6.27,60.8,grapes
18,129,204,23.19,83.1,6.71,64.52,grapes
12,141,225,25.37,78.54,5.95,58.41,grapes
26,115,195,19.78,82.18,5.85,71.37,grapes
23,120,209,23.6,78.83,6.9,74.36,grapes
22,148,227,23.22,82.84,5.6,68.13,grapes
21,134,204,26.04,82.51,5.52,60.22,grapes
19,128,215,19.15,80.73,6.38,66.6,grapes
25,130,203,22.89,83.8,5.38,65.97,grapes
24,138,222,22.24,86.24,5.74,82.89,grapes
27,121,204,23.6,83.68,5.91,66.53,grapes
31,130,212,22.9,86.8,5.73,63.46,grapes
32,126,224,27.37,81.34,5.27,69.41,grapes
23,146,223,21.06,84.2,6.31,80.33,grapes
25,108,197,19.18,81.19,6.39,72.65,grapes
29,136,180,13.72,82.25,5.91,59.83,grapes
12,123,197,26.46,82.37,6.64,59.24,grapes
28,132,210,22.05,85.02,6.12,62.81,grapes
22,129,207,19.08,81.71,6.16,69.93,grapes
31,141,199,24.67,82.69,6.16,51.34,grapes
21,114,219,23.56,81.22,6.36,73.82,grapes
16,131,194,16.82,79.73,5.93,68.45,grapes
14,145,198,23.95,83.0,5.68,74.16,grapes
20,121,208,29.77,83.97,6.37,64.39,grapes
13,149,230,29.97,80.79,5.54,58.94,grapes
12,130,224,23.23,82.71,6.55,65.56,grapes
35,155,198,21.49,83.89,5.86,58.03,grapes
30,146,202,18.75,78.11,6.04,64.6,grapes
95,21,54,28.53,81.14,6.36,56.77,watermelon
103,23,52,29.57,87.26,6.92,48.11,watermelon
99,20,59,27.1,84.77,7.05,33.16,watermelon
84,19,50,26.83,85.36,6.73,44.18,watermelon
104,20,57,29.93,86.08,6.61,38.51,watermelon
93,16,56,24.16,88.29,6.5,49.28,watermelon
101,15,47,21.75,84.11,6.31,46.57,watermelon
103,19,51,27.69,87.4,6.38,47.0,watermelon
102,19,58,28.12,82.93,6.46,56.07,watermelon
109,20,49,22.74,81.1,6.61,53.44,watermelon
88,17,53,22.97,89.52,6.35,60.76,watermelon
93,12,47,25.29,83.55,6.41,53.37,watermelon
97,16,39,26.36,84.74,7.14,43.18,watermelon
80,19,52,23.28,78.98,7.11,62.01,watermelon
74,15,59,24.45,83.14,6.39,41.73,watermelon
81,21,38,26.04,88.65,5.92,43.31,watermelon
111,19,46,28.14,89.93,6.61,43.5,watermelon
94,18,48,27.57,78.98,5.9,52.15,watermelon
94,14,39,25.54,84.89,6.76,51.25,watermelon
97,21,42,26.68,78.42,6.16,41.0,watermelon
106,16,49,23.07,83.9,6.19,53.77,watermelon
89,22,39,23.73,91.81,6.33,40.18,watermelon
101,15,44,23.09,96.17,6.4,35.3,watermelon
113,19,45,23.45,87.79,6.4,35.29,watermelon
116,15,58,28.31,81.1,6.91,45.49,watermelon
80,15,52,24.48,83.87,6.96,51.55,watermelon
90,19,51,19.95,86.81,6.66,50.86,watermelon
107,14,52,22.05,86.73,7.28,42.74,watermelon
91,14,50,23.16,86.78,6.84,54.97,watermelon
81,20,55,27.33,86.59,6.59,58.96,watermelon
118,13,56,25.31,84.58,5.89,48.42,watermelon
89,15,43,24.51,83.48,6.54,37.78,watermelon
84,18,45,27.86,86.0,6.74,61.99,watermelon
95,14,55,26.62,84.35,7.06,49.0,watermelon
99,17,44,25.67,90.69,6.68,50.95,watermelon
97,18,54,26.84,83.77,6.63,54.54,watermelon
88,17,37,26.56,87.74,6.8,47.54,watermelon
102,22,58,25.44,85.66,6.94,38.69,watermelon
95,22,55,26.31,79.08,6.48,45.98,watermelon
102,13,43,20.96,89.99,6.34,51.96,watermelon
98,12,42,23.29,82.21,6.65,44.33,watermelon
116,21,54,25.24,91.16,6.41,50.45,watermelon
100,19,53,24.45,82.97,6.76,56.42,watermelon
95,10,48,26.87,92.32,6.02,47.29,watermelon
95,22,49,23.5,87.33,6.34,40.9,watermelon
90,23,52,25.74,84.1,6.62,52.94,watermelon
101,17,55,25.55,81.19,6.26,34.87,watermelon
119,20,45,24.88,82.55,7.12,39.34,watermelon
100,16,54,25.27,78.07,6.4,42.92,watermelon
99,22,39,23.74,82.89,6.35,56.62,watermelon
97,18,46,26.01,88.21,6.21,56.95,watermelon
99,21,48,26.34,84.94,6.46,52.77,watermelon
104,12,58,21.41,82.36,6.46,54.0,watermelon
114,9,46,20.82,85.23,6.61,63.43,watermelon
100,21,53,24.54,79.46,6.61,38.76,watermelon
111,16,57,24.44,86.18,6.58,50.34,watermelon
94,18,44,22.84,90.07,6.79,51.23,watermelon
115,15,57,25.89,81.0,7.24,58.63,watermelon
97,19,47,27.32,75.54,6.09,58.53,watermelon
96,17,41,29.57,89.86,6.42,47.46,watermelon
109,24,55,30.28,81.41,6.17,41.19,watermelon
103,17,49,27.28,90.03,5.89,45.92,watermelon
107,15,45,27.74,79.94,6.38,53.33,watermelon
93,20,46,28.6,84.6,6.77,56.67,watermelon
92,8,52,25.66,87.32,6.41,47.26,watermelon
119,11,54,24.24,83.76,6.37,44.27,watermelon
104,22,52,25.73,81.15,6.71,67.95,watermelon
95,15,46,24.42,74.12,6.66,43.94,watermelon
82,20,43,24.75,90.97,5.94,38.44,watermelon
101,21,40,26.4,87.42,5.68,57.09,watermelon
107,15,57,28.0,85.51,6.32,42.92,watermelon
98,19,48,20.67,90.17,6.58,47.66,watermelon
107,23,33,26.46,79.39,6.7,51.72,watermelon
105,15,38,24.51,86.73,6.91,41.33,watermelon
109,14,52,24.38,85.83,6.86,40.88,watermelon
92,17,64,23.6,93.26,7.3,49.92,watermelon
96,14,49,22.41,84.8,7.1,45.81,watermelon
96,10,52,26.08,85.35,6.41,48.36,watermelon
104,16,51,25.97,89.59,6.77,52.24,watermelon
114,18,57,26.84,77.73,7.02,51.78,watermelon
98,18,47,26.0,82.73,7.01,49.79,watermelon
95,13,51,25.91,86.65,6.09,37.89,watermelon
105,22,43,29.0,86.24,6.5,47.52,watermelon
85,20,45,23.78,89.07,5.75,38.51,watermelon
98,18,52,24.84,95.22,6.41,48.85,watermelon
91,17,53,28.15,79.14,6.4,54.27,watermelon
104,17,53,23.72,91.33,6.9,39.94,watermelon
88,12,54,22.67,83.78,6.68,50.17,watermelon
101,12,53,24.15,83.8,6.6,51.52,watermelon
99,13,48,25.5,79.6,6.31,53.8,watermelon
86,21,57,22.76,90.53,6.44,54.05,watermelon
94,20,52,23.71,80.44,5.92,52.2,watermelon
104,19,49,22.95,82.37,6.96,46.82,watermelon
100,12,52,24.49,89.29,6.81,46.73,watermelon
97,14,41,23.61,85.89,6.63,51.89,watermelon
95,20,50,27.05,78.0,4.93,52.97,watermelon
84,16,48,28.99,86.7,6.57,57.4,watermelon
102,15,56,23.06,86.39,5.88,52.33,watermelon
100,23,40,24.18,88.39,6.63,52.14,watermelon
89,14,57,25.39,86.6,6.45,41.24,watermelon
109,19,63,26.57,94.77,5.78,25.23,muskmelon
109,8,48,27.47,90.19,6.45,29.08,muskmelon
98,17,50,28.6,89.03,6.74,25.78,muskmelon
103,13,47,28.25,87.7,5.62,22.2,muskmelon
105,14,43,26.97,90.93,6.16,33.26,muskmelon
110,21,57,26.6,88.63,5.86,29.94,muskmelon
94,11,47,28.12,93.11,6.4,21.29,muskmelon
106,14,49,29.97,90.37,6.07,26.97,muskmelon
91,15,53,32.71,94.12,6.49,26.72,muskmelon
89,17,49,29.24,92.65,6.45,23.35,muskmelon
100,12,48,31.38,93.26,6.29,32.18,muskmelon
86,12,60,28.69,91.57,5.82,26.39,muskmelon
105,12,49,27.93,93.07,5.85,29.61,muskmelon
109,15,48,28.33,89.97,6.12,23.52,muskmelon
116,20,55,29.34,88.95,6.28,28.48,muskmelon
87,19,63,30.72,96.54,6.39,28.47,muskmelon
92,20,53,29.18,96.25,6.08,23.85,muskmelon
100,12,51,25.16,95.44,6.32,22.52,muskmelon
91,16,54,29.7,90.18,5.96,27.23,muskmelon
92,17,50,29.22,94.87,5.79,16.96,muskmelon
94,24,62,32.26,91.72,5.59,15.23,muskmelon
93,16,57,30.34,92.98,5.94,20.76,muskmelon
102,19,52,26.53,94.25,6.47,20.32,muskmelon
92,19,48,31.78,93.8,6.11,24.56,muskmelon
100,14,44,30.0,94.84,6.54,30.66,muskmelon
94,23,44,26.57,87.02,6.12,22.59,muskmelon
105,17,42,27.81,91.19,5.59,20.68,muskmelon
92,22,51,29.92,87.8,6.78,29.8,muskmelon
80,14,52,29.89,90.26,6.18,22.21,muskmelon
101,21,45,30.6,89.95,5.96,27.87,muskmelon
109,20,42,27.67,94.77,6.32,20.31,muskmelon
104,14,60,31.69,94.11,6.84,24.86,muskmelon
107,22,51,28.09,87.19,6.27,27.89,muskmelon
109,19,46,24.65,90.81,6.18,23.35,muskmelon
106,24,50,28.17,91.52,6.35,21.29,muskmelon
101,18,51,29.52,93.6,5.59,27.15,muskmelon
93,12,43,29.47,91.63,5.63,26.51,muskmelon
85,17,51,30.37,97.65,5.75,24.39,muskmelon
97,18,51,27.89,90.98,5.85,28.55,muskmelon
104,20,48,27.29,89.07,6.44,20.44,muskmelon
118,11,51,31.73,94.1,6.37,20.73,muskmelon
86,20,59,27.72,88.88,5.32,20.68,muskmelon
98,23,54,29.21,91.1,6.07,30.22,muskmelon
102,8,45,26.88,90.66,6.53,24.17,muskmelon
99,22,45,32.33,90.29,6.34,23.48,muskmelon
101,18,52,27.09,88.93,7.3,22.66,muskmelon
106,10,48,28.35,93.72,5.21,25.26,muskmelon
88,18,43,26.89,91.48,5.88,22.7,muskmelon
88,9,56,26.01,91.76,6.6,22.14,muskmelon
91,17,56,26.26,91.85,5.61,23.03,muskmelon
100,13,47,25.78,92.53,6.72,20.21,muskmelon
93,19,57,25.61,91.79,6.41,24.19,muskmelon
75,19,59,28.83,89.21,6.09,31.68,muskmelon
109,19,52,27.28,91.7,6.27,26.8,muskmelon
115,21,41,29.05,94.51,6.55,22.08,muskmelon
129,11,43,29.07,98.65,5.97,23.54,muskmelon
110,16,47,29.73,93.12,6.71,29.77,muskmelon
103,18,51,29.58,92.47,6.3,29.39,muskmelon
115,10,50,27.22,91.37,6.46,27.28,muskmelon
98,9,44,30.39,84.08,6.77,26.68,muskmelon
113,16,37,29.46,96.12,6.67,21.95,muskmelon
100,14,45,30.51,88.71,5.94,20.18,muskmelon
85,17,56,28.23,87.78,6.64,31.34,muskmelon
93,15,53,31.84,90.74,5.77,27.13,muskmelon
107,17,46,30.59,93.88,5.99,24.8,muskmelon
86,19,48,27.73,92.2,6.32,28.18,muskmelon
105,16,54,29.4,91.02,6.25,24.01,muskmelon
105,15,47,32.54,95.12,6.0,26.88,muskmelon
101,18,50,30.98,93.34,6.28,28.77,muskmelon
102,17,51,28.41,92.33,6.07,21.6,muskmelon
90,11,44,28.25,92.61,6.19,15.18,muskmelon
115,21,52,32.41,89.37,7.06,20.74,muskmelon
102,11,50,29.37,91.84,6.59,25.0,muskmelon
94,14,54,27.29,95.05,6.79,17.93,muskmelon
111,25,51,29.8,95.41,6.19,25.33,muskmelon
86,17,52,29.63,95.5,5.99,22.47,muskmelon
118,16,51,28.47,89.83,6.95,22.49,muskmelon
88,15,37,27.3,89.4,6.55,21.91,muskmelon
108,22,54,28.17,92.72,5.69,24.06,muskmelon
91,19,65,29.6,86.33,6.16,25.09,muskmelon
100,14,51,26.11,89.47,6.56,20.54,muskmelon
105,11,60,27.05,91.63,6.43,22.34,muskmelon
101,19,55,30.18,91.78,6.24,34.0,muskmelon
109,13,50,27.93,91.89,5.81,22.95,muskmelon
118,19,35,31.03,95.57,6.16,27.47,muskmelon
91,15,58,28.06,86.69,6.27,24.29,muskmelon
111,17,47,30.69,92.66,6.0,29.22,muskmelon
101,17,51,26.46,90.72,6.3,23.82,muskmelon
112,17,55,28.62,95.47,6.46,24.65,muskmelon
99,13,53,28.52,90.79,6.74,19.6,muskmelon
95,21,51,28.5,93.05,6.37,18.53,muskmelon
96,23,46,27.96,90.68,6.27,22.27,muskmelon
104,17,54,26.5,91.28,6.21,26.42,muskmelon
92,20,57,26.62,90.83,6.09,35.13,muskmelon
95,23,42,26.62,90.24,5.96,23.53,muskmelon
92,13,56,31.05,95.15,6.51,24.97,muskmelon
95,13,52,26.25,89.32,6.76,32.2,muskmelon
103,21,48,25.92,94.14,6.53,24.89,muskmelon
97,20,44,27.05,89.28,6.33,20.25,muskmelon
93,14,48,25.63,92.56,6.8,25.14,muskmelon
27,147,210,22.81,57.69,6.21,106.72,apple
10,138,182,19.91,57.6,5.86,91.42,apple
20,143,182,26.16,51.36,6.75,106.43,apple
20,115,198,23.24,57.26,5.67,98.4,apple
25,134,222,21.13,55.86,6.23,88.26,apple
13,144,181,17.51,65.07,5.34,115.36,apple
20,105,194,23.86,59.02,6.26,106.79,apple
23,127,177,18.97,51.75,6.3,89.88,apple
21,131,197,26.42,55.85,6.14,113.16,apple
19,156,177,26.21,60.23,5.71,137.04,apple
10,128,180,23.75,53.15,6.07,109.8,apple
17,137,194,19.55,68.81,5.71,79.34,apple
15,121,211,23.5,59.19,5.75,108.41,apple
18,133,211,23.54,59.6,6.1,125.87,apple
21,137,216,20.74,54.18,5.43,115.34,apple
10,138,197,25.78,54.91,5.82,129.43,apple
26,127,201,23.42,59.09,5.79,131.82,apple
10,129,205,23.88,63.01,6.38,108.32,apple
26,126,212,27.67,62.46,5.94,107.62,apple
12,137,182,20.38,52.84,5.72,112.18,apple
21,127,215,22.02,54.45,5.99,142.05,apple
21,130,176,21.99,58.54,5.74,87.62,apple
15,148,220,20.12,60.29,5.43,133.66,apple
21,143,173,24.5,57.57,6.24,126.32,apple
20,127,210,22.43,54.11,5.53,90.44,apple
17,145,201,21.12,60.82,5.57,114.03,apple
19,141,175,20.22,51.05,5.8,130.77,apple
17,128,212,25.59,57.25,6.17,96.45,apple
26,155,206,16.76,55.37,6.15,106.28,apple
26,139,188,22.69,54.02,5.83,104.28,apple
25,155,177,17.21,56.62,5.29,113.29,apple
23,148,202,22.06,49.69,5.91,113.67,apple
23,126,192,18.46,48.43,5.46,89.05,apple
21,128,190,19.84,44.67,6.5,97.6,apple
17,119,213,23.0,54.29,5.74,137.77,apple
19,132,184,17.3,56.96,6.03,129.09,apple
8,122,190,22.59,57.02,5.85,118.72,apple
15,143,205,21.7,64.0,6.52,126.59,apple
4,149,210,28.22,62.55,6.53,125.78,apple
26,153,202,18.2,56.37,6.06,113.72,apple
13,117,187,24.86,63.92,6.27,128.46,apple
19,116,192,21.88,55.61,5.92,119.22,apple
24,131,170,21.25,57.77,6.39,104.08,apple
22,136,199,25.21,54.96,5.67,112.42,apple
16,139,188,23.23,57.2,5.99,105.7,apple
18,134,202,22.59,64.42,5.5,111.64,apple
12,137,182,21.82,56.11,6.01,104.31,apple
17,148,203,21.03,56.6,6.56,109.07,apple
16,127,190,20.94,52.48,5.45,100.16,apple
22,130,195,26.16,62.78,5.79,103.14,apple
15,140,195,21.52,54.35,5.59,117.4,apple
13,143,190,22.18,52.25,5.9,107.68,apple
19,148,201,20.37,54.75,6.14,132.08,apple
21,140,208,26.57,49.8,6.17,127.36,apple
13,125,186,20.56,55.67,6.0,125.59,apple
25,125,186,26.28,60.19,5.93,119.7,apple
19,139,193,23.35,51.56,5.62,102.44,apple
18,124,190,18.36,59.79,5.87,87.02,apple
15,137,190,20.65,57.3,6.04,91.05,apple
22,125,198,22.5,55.49,5.49,108.31,apple
28,120,224,21.87,57.74,5.47,101.03,apple
17,123,195,21.46,65.0,5.43,114.14,apple
21,123,209,21.48,47.63,6.16,95.85,apple
14,140,193,25.17,62.44,5.64,124.5,apple
16,156,188,25.47,60.98,6.03,102.54,apple
19,112,202,23.58,58.13,4.71,93.62,apple
16,136,203,22.12,60.14,5.49,121.75,apple
22,137,196,27.73,59.57,5.51,116.32,apple
23,128,215,23.67,48.23,6.02,106.51,apple
22,143,201,27.26,56.89,6.15,124.67,apple
19,141,190,21.42,52.35,6.0,117.48,apple
25,141,194,19.3,59.33,6.34,123.93,apple
25,131,192,20.54,57.38,5.87,115.7,apple
19,132,187,25.24,57.91,5.83,101.39,apple
13,147,207,18.05,60.65,6.27,114.47,apple
27,136,177,23.62,58.58,5.66,121.2,apple
11,143,185,19.84,57.14,6.07,115.06,apple
16,128,182,21.97,61.9,5.9,125.49,apple
27,128,196,28.68,63.38,5.23,118.41,apple
20,142,187,20.25,54.9,5.67,124.83,apple
14,127,172,25.42,62.68,5.77,108.13,apple
22,148,205,20.65,51.12,5.45,113.7,apple
16,135,190,19.64,52.89,6.52,125.93,apple
28,139,192,26.31,57.47,5.99,111.96,apple
5,150,206,23.52,57.35,5.97,103.64,apple
23,120,201,24.17,56.81,6.05,97.73,apple
15,136,209,17.35,59.69,5.68,109.71,apple
13,125,213,22.69,56.07,5.85,119.94,apple
22,133,215,25.32,59.25,5.92,122.46,apple
21,144,212,19.75,53.26,5.62,127.24,apple
12,137,204,25.86,58.32,5.36,98.21,apple
14,128,196,19.34,63.48,5.37,132.79,apple
25,142,188,23.56,52.49,6.26,111.49,apple
17,121,161,19.69,62.05,5.74,110.06,apple
23,152,218,19.88,49.83,6.84,146.63,apple
20,121,213,22.3,57.15,6.26,117.62,apple
14,130,208,24.03,58.65,6.27,107.17,apple
20,100,192,24.74,56.04,5.71,96.98,apple
25,139,211,17.77,56.96,5.79,108.39,apple
16,130,211,17.24,64.71,6.09,111.97,apple
23,10,8,22.22,96.2,6.98,117.15,orange
16,17,15,26.68,91.86,7.27,119.06,orange
21,20,13,22.19,94.03,6.85,96.55,orange
17,15,5,26.14,83.8,8.09,132.93,orange
17,16,10,20.34,92.68,6.94,108.99,orange
19,10,10,23.35,92.49,6.91,127.47,orange
17,16,13,22.38,92.74,6.96,128.96,orange
17,21,9,19.26,94.14,6.88,119.71,orange
5,16,8,18.45,90.44,6.77,109.68,orange
12,17,14,23.82,94.53,7.44,128.95,orange
28,14,7,25.83,94.22,7.31,138.74,orange
19,17,7,31.24,91.09,6.88,105.2,orange
15,13,8,17.24,89.74,7.78,121.43,orange
23,20,15,15.61,88.41,6.68,103.35,orange
17,14,10,22.84,89.93,6.13,95.51,orange
16,15,6,20.74,88.71,6.95,94.3,orange
14,10,9,19.23,94.82,7.16,109.35,orange
15,17,12,23.27,96.91,7.18,124.1,orange
19,18,7,20.87,93.15,7.14,118.01,orange
24,10,7,23.62,89.93,8.35,118.14,orange
18,13,8,22.82,92.44,6.82,106.3,orange
25,21,10,17.33,93.72,7.62,130.95,orange
22,21,10,25.21,90.06,7.12,130.34,orange
16,12,10,21.79,94.05,6.82,136.18,orange
12,21,7,15.52,92.81,6.9,93.76,orange
10,15,12,25.04,92.27,7.19,109.99,orange
11,10,9,22.06,94.65,7.3,119.48,orange
17,10,11,24.8,84.93,6.67,100.03,orange
19,12,9,21.86,91.62,6.71,100.82,orange
13,17,11,19.62,96.66,6.87,133.35,orange
15,7,11,23.69,92.2,6.74,109.88,orange
16,14,12,23.44,93.93,6.91,105.27,orange
13,14,0,20.34,91.85,7.23,106.37,orange
20,7,9,15.98,88.48,6.93,129.54,orange
20,16,9,19.85,90.47,7.17,89.62,orange
21,14,12,26.54,87.08,6.77,97.57,orange
9,11,17,25.14,97.85,7.33,99.27,orange
17,18,11,20.39,87.57,8.32,108.28,orange
17,16,9,23.19,95.96,6.95,92.96,orange
18,14,14,27.38,92.42,6.49,92.01,orange
19,17,8,20.78,90.32,6.99,74.66,orange
13,13,13,19.44,92.64,7.09,129.87,orange
25,15,8,20.04,91.38,6.83,118.7,orange
21,18,13,30.15,92.47,7.44,105.13,orange
24,20,13,23.08,90.09,6.44,109.8,orange
26,14,12,26.08,91.25,7.53,66.77,orange
12,12,7,24.05,92.97,7.16,119.34,orange
14,11,11,20.18,87.39,7.39,131.33,orange
26,16,11,28.18,90.18,7.44,114.53,orange
23,16,13,23.59,87.65,7.58,96.19,orange
25,15,13,27.24,93.39,7.2,116.74,orange
8,16,6,23.38,88.67,6.53,134.47,orange
24,15,10,21.71,93.81,6.73,125.31,orange
17,14,10,20.34,93.09,6.79,117.43,orange
25,13,9,24.55,90.79,7.19,118.73,orange
24,13,7,21.47,89.2,7.23,92.97,orange
30,21,10,26.17,87.19,8.01,101.55,orange
18,8,11,18.27,92.4,6.78,94.23,orange
14,16,6,19.7,94.09,8.04,117.56,orange
14,14,10,21.3,94.81,7.09,124.02,orange
17,21,9,18.82,98.63,6.27,99.32,orange
15,26,15,28.68,91.11,7.97,115.93,orange
23,16,9,21.69,91.47,7.24,115.91,orange
18,22,1,24.74,94.25,7.46,109.43,orange
20,19,14,21.5,92.9,7.67,78.54,orange
15,21,13,24.79,90.75,6.65,101.53,orange
26,13,10,19.69,94.63,6.78,108.94,orange
10,9,10,17.4,98.42,6.18,98.4,orange
19,14,6,18.87,89.13,6.89,139.68,orange
19,20,11,27.16,83.7,6.88,130.01,orange
16,23,14,20.82,90.59,6.59,100.96,orange
12,17,5,25.11,93.98,6.34,133.65,orange
21,18,7,25.19,95.48,6.96,140.43,orange
19,20,10,25.04,87.09,7.15,99.38,orange
14,22,9,18.69,91.02,6.48,131.91,orange
15,18,14,20.7,93.7,6.59,147.09,orange
23,15,7,22.24,91.08,7.78,92.02,orange
19,15,9,22.27,91.75,7.35,119.53,orange
21,3,10,16.08,94.04,7.59,96.51,orange
17,13,13,23.08,97.28,7.17,114.04,orange
19,19,4,23.04,91.89,7.29,107.58,orange
13,16,6,15.0,94.28,7.23,117.41,orange
25,13,5,22.42,91.06,6.66,109.2,orange
15,8,8,18.15,92.79,6.74,127.07,orange
27,18,5,28.72,96.83,7.01,130.24,orange
16,8,7,29.62,87.63,7.0,110.91,orange
16,14,10,20.45,87.83,7.09,126.5,orange
23,12,6,21.56,96.8,7.26,120.96,orange
23,17,10,25.35,90.46,6.43,121.24,orange
25,11,12,29.42,92.09,6.67,112.25,orange
16,13,11,16.29,87.77,7.01,110.07,orange
20,23,10,25.09,89.17,7.31,102.5,orange
19,15,13,17.46,85.25,6.91,117.43,orange
19,20,11,20.44,85.12,6.91,125.82,orange
17,16,11,18.64,93.97,7.65,107.81,orange
13,15,3,24.05,93.46,7.67,107.49,orange
21,12,8,16.6,91.52,6.88,114.89,orange
15,16,8,21.37,92.34,7.02,121.82,orange
18,14,9,19.84,91.02,7.81,96.71,orange
17,14,9,21.38,92.94,6.32,125.96,orange
54,50,36,30.77,91.67,7.47,153.47,papaya
34,54,49,34.46,88.46,6.66,128.25,papaya
40,60,54,36.22,94.12,6.55,156.89,papaya
51,59,46,32.21,92.62,7.43,148.62,papaya
44,53,47,40.23,91.2,6.97,135.08,papaya
51,64,46,31.78,97.38,7.0,158.41,papaya
55,62,62,33.83,94.13,6.26,126.1,papaya
39,67,34,32.49,83.42,6.45,132.78,papaya
60,61,45,36.9,92.45,6.71,118.55,papaya
41,53,50,33.93,97.03,6.82,88.45,papaya
51,48,44,31.26,90.41,6.29,146.67,papaya
37,61,63,29.71,91.55,5.94,136.58,papaya
54,64,50,36.37,100.0,7.21,132.15,papaya
37,56,44,35.05,88.86,6.68,159.36,papaya
48,52,57,28.06,91.42,6.69,142.92,papaya
50,63,49,32.6,91.18,6.52,158.35,papaya
43,64,50,32.14,94.26,6.48,155.36,papaya
50,54,53,35.34,95.87,6.99,152.43,papaya
39,76,41,36.55,93.69,6.35,140.11,papaya
48,68,45,32.91,85.39,7.22,121.19,papaya
51,58,49,36.13,97.41,6.78,155.7,papaya
51,66,47,36.93,95.73,7.02,129.4,papaya
47,60,41,38.48,92.36,6.79,131.06,papaya
38,54,51,35.72,92.89,6.8,135.86,papaya
52,69,54,36.13,93.28,6.25,121.71,papaya
52,58,52,38.73,94.58,7.08,144.49,papaya
42,58,45,38.37,94.77,6.86,167.32,papaya
32,63,42,33.68,91.46,6.9,147.16,papaya
59,54,54,34.19,87.49,6.42,139.6,papaya
57,62,42,33.28,98.45,6.73,136.05,papaya
52,64,47,35.21,91.41,6.92,145.99,papaya
52,53,45,36.54,92.16,6.79,136.47,papaya
56,54,49,36.06,95.92,6.54,181.79,papaya
51,51,52,32.55,93.7,6.69,144.09,papaya
41,65,43,30.37,93.5,7.18,135.55,papaya
54,66,54,32.77,89.13,6.04,137.34,papaya
58,51,54,30.85,92.72,6.91,129.41,papaya
50,56,54,34.41,92.57,7.17,155.85,papaya
43,58,49,33.94,99.97,6.81,101.88,papaya
44,45,48,27.74,89.79,6.24,150.28,papaya
49,61,49,29.52,93.94,7.28,150.78,papaya
45,49,44,35.06,95.62,6.78,158.6,papaya
54,62,46,34.22,89.85,6.71,149.22,papaya
62,49,52,38.14,94.68,6.95,154.35,papaya
59,51,41,33.68,85.92,7.07,167.01,papaya
45,56,49,33.86,92.78,6.87,139.15,papaya
56,62,46,37.71,88.33,6.67,161.94,papaya
43,61,53,31.12,92.18,6.65,131.57,papaya
67,53,56,32.52,89.14,6.73,155.58,papaya
56,69,67,34.45,90.41,6.84,137.28,papaya
56,49,64,36.27,87.35,6.49,158.92,papaya
58,50,54,27.86,92.13,7.03,131.57,papaya
36,60,46,35.59,89.74,6.47,102.18,papaya
50,57,42,34.28,95.48,6.64,147.96,papaya
51,50,62,32.29,94.37,6.93,139.81,papaya
53,60,41,32.7,90.56,6.56,116.52,papaya
58,70,55,37.51,91.37,6.51,127.03,papaya
54,60,49,37.59,93.61,6.45,128.98,papaya
54,66,53,39.39,97.31,6.83,125.83,papaya
38,56,54,39.18,93.65,7.05,137.69,papaya
53,64,38,32.46,95.25,6.78,118.67,papaya
29,56,49,31.05,92.83,6.85,156.01,papaya
30,49,48,35.42,93.87,6.84,134.93,papaya
46,53,54,30.94,94.95,6.76,141.7,papaya
43,49,46,32.71,85.29,6.64,161.09,papaya
53,55,50,32.03,92.85,7.16,161.97,papaya
53,55,54,28.64,91.64,6.88,157.41,papaya
54,61,48,35.31,89.54,6.45,143.83,papaya
50,46,52,36.02,92.17,7.41,128.94,papaya
46,56,49,32.71,88.18,6.54,140.65,papaya
58,74,58,31.37,90.31,6.65,178.29,papaya
47,49,46,35.97,94.47,6.64,156.27,papaya
30,59,55,31.2,89.89,6.14,174.4,papaya
43,60,53,38.24,91.94,6.54,146.06,papaya
59,57,44,29.08,88.74,6.96,136.19,papaya
44,53,50,32.98,91.58,7.1,173.36,papaya
36,61,45,32.96,93.33,6.64,147.21,papaya
54,61,46,31.81,88.08,6.44,181.84,papaya
42,50,51,33.37,91.81,7.12,153.58,papaya
44,56,46,36.32,91.48,6.16,141.63,papaya
36,74,44,33.21,93.17,6.61,136.8,papaya
52,69,54,38.14,89.26,6.8,145.7,papaya
51,68,48,32.48,94.0,6.17,137.86,papaya
47,52,56,30.51,91.99,6.79,169.67,papaya
48,65,54,34.07,89.13,6.27,144.73,papaya
44,65,54,33.15,88.93,6.85,122.24,papaya
42,52,49,37.21,92.38,6.57,112.09,papaya
53,53,50,32.64,94.91,6.65,141.42,papaya
52,73,55,33.43,92.41,6.54,123.6,papaya
44,53,53,30.49,96.4,6.93,143.01,papaya
49,55,51,36.96,90.29,6.24,156.66,papaya
51,51,45,31.12,90.23,6.6,137.27,papaya
43,53,48,34.2,91.45,7.05,152.76,papaya
36,62,53,32.4,87.91,6.7,142.45,papaya
40,48,49,33.0,91.15,6.67,120.54,papaya
45,62,47,28.68,90.98,6.38,147.94,papaya
51,47,54,30.36,97.08,6.69,117.67,papaya
39,61,47,33.41,97.24,6.49,143.8,papaya
60,60,40,35.22,88.91,7.12,126.14,papaya
72,69,45,33.76,94.66,6.94,151.45,papaya
27,15,28,26.88,96.95,6.15,182.88,coconut
24,7,31,27.73,98.97,5.39,214.53,coconut
21,17,38,28.24,95.8,6.1,163.51,coconut
20,13,29,23.9,95.87,5.95,167.19,coconut
22,10,39,27.25,94.44,5.61,176.2,coconut
27,20,34,28.22,93.9,5.42,170.57,coconut
19,20,31,29.82,97.79,5.82,130.72,coconut
27,21,23,29.66,95.76,6.06,215.97,coconut
27,18,32,28.32,93.8,5.98,153.04,coconut
19,14,26,27.61,93.99,6.2,135.04,coconut
20,16,28,27.14,90.84,6.14,191.79,coconut
23,20,31,28.12,95.19,6.28,136.17,coconut
16,22,17,27.19,97.73,5.96,165.47,coconut
21,14,30,26.37,97.57,6.57,172.27,coconut
14,13,29,28.16,92.28,5.69,188.37,coconut
25,13,23,32.33,96.76,5.89,197.33,coconut
20,19,30,27.54,94.52,5.42,224.05,coconut
16,10,28,25.96,94.67,6.28,200.48,coconut
25,14,30,28.01,90.41,6.23,139.17,coconut
31,14,29,26.25,93.23,6.91,199.11,coconut
13,22,35,26.98,95.57,5.99,224.91,coconut
17,16,27,25.25,100.0,5.53,181.1,coconut
12,14,32,26.16,96.27,5.89,204.6,coconut
27,13,30,27.68,96.35,6.01,180.36,coconut
19,16,36,28.37,96.55,6.29,171.75,coconut
22,11,36,23.23,94.58,6.46,141.5,coconut
22,13,28,28.82,95.3,5.19,151.19,coconut
25,17,38,29.92,93.94,7.0,176.21,coconut
16,13,18,29.81,98.79,5.59,169.9,coconut
21,12,21,27.08,94.0,5.84,181.17,coconut
28,14,30,28.49,96.19,5.75,178.01,coconut
23,11,36,29.55,92.99,6.08,191.66,coconut
18,17,30,25.2,95.95,5.56,199.08,coconut
17,15,36,28.14,92.1,5.59,160.62,coconut
22,17,25,25.65,95.5,5.93,229.53,coconut
21,23,24,25.04,92.0,6.48,219.5,coconut
17,14,24,24.68,96.6,6.09,175.86,coconut
13,22,27,28.2,91.16,5.92,182.88,coconut
22,16,32,25.7,95.29,6.05,181.39,coconut
21,10,23,24.08,96.84,6.33,196.69,coconut
22,7,24,27.66,95.14,5.91,184.82,coconut
21,16,26,28.87,93.72,5.47,156.33,coconut
19,19,29,27.12,91.68,6.31,159.3,coconut
20,21,32,24.96,90.38,5.97,145.28,coconut
24,16,30,26.34,99.15,7.14,168.64,coconut
22,16,28,26.15,92.09,5.55,185.73,coconut
18,5,32,27.34,98.17,6.15,138.63,coconut
9,13,26,28.81,94.78,6.45,142.48,coconut
25,18,19,29.38,95.03,6.16,153.98,coconut
27,11,34,28.63,92.36,6.79,181.39,coconut
24,9,40,25.56,97.36,5.6,160.13,coconut
24,20,23,29.04,97.41,5.62,215.57,coconut
13,13,32,26.12,95.46,6.1,170.92,coconut
25,15,31,29.12,96.78,6.31,146.87,coconut
23,12,23,27.29,92.54,6.32,195.96,coconut
11,12,22,26.71,95.94,5.9,160.86,coconut
27,6,36,26.58,94.6,5.79,214.17,coconut
14,16,32,24.98,92.5,5.94,153.43,coconut
16,14,33,26.89,97.5,5.6,144.3,coconut
30,13,23,24.79,97.49,5.86,169.26,coconut
20,20,29,30.92,95.13,6.42,195.73,coconut
20,13,31,28.17,93.37,6.07,206.51,coconut
31,19,39,26.46,96.55,6.54,153.19,coconut
18,22,25,25.39,98.62,6.48,186.4,coconut
20,14,31,29.77,95.4,6.87,153.15,coconut
20,14,24,27.17,95.84,6.21,229.86,coconut
23,20,30,29.92,100.0,6.21,150.78,coconut
18,17,32,28.45,95.95,6.0,159.7,coconut
23,23,35,28.2,97.37,5.85,162.89,coconut
17,15,27,29.21,93.61,5.68,224.16,coconut
18,16,32,25.69,97.89,6.25,214.56,coconut
17,16,30,27.8,91.16,6.04,139.94,coconut
22,7,20,28.63,93.43,5.6,207.37,coconut
22,19,29,31.42,93.29,6.7,174.07,coconut
12,17,31,25.82,92.49,5.99,184.34,coconut
8,20,27,25.4,97.15,5.99,206.0,coconut
23,15,29,28.12,93.77,5.66,190.85,coconut
20,16,35,27.23,94.84,5.76,186.37,coconut
22,19,27,26.71,96.78,6.1,152.94,coconut
27,9,33,25.5,99.51,5.38,204.41,coconut
20,14,30,28.35,92.54,5.67,191.84,coconut
12,13,45,25.95,97.67,5.77,188.33,coconut
24,20,28,30.38,93.33,6.09,181.73,coconut
15,14,30,26.75,100.0,5.66,205.09,coconut
25,15,25,26.25,93.51,5.29,150.51,coconut
13,21,33,28.58,96.27,6.07,212.12,coconut
17,16,33,25.42,100.0,6.01,179.15,coconut
27,19,30,27.6,91.04,5.78,188.53,coconut
23,20,29,25.32,97.44,6.57,198.06,coconut
20,20,47,27.57,91.52,5.77,191.24,coconut
12,16,31,29.7,98.08,6.35,121.53,coconut
25,18,31,24.8,92.86,5.53,125.22,coconut
20,12,43,27.15,98.03,5.37,162.35,coconut
21,12,27,27.07,94.22,6.74,185.06,coconut
23,18,33,27.28,94.0,6.07,204.52,coconut
26,15,33,27.11,94.88,5.81,171.06,coconut
27,16,30,25.23,94.03,5.9,154.87,coconut
21,14,30,27.58,92.41,5.84,177.53,coconut
26,17,26,28.0,99.07,6.37,189.29,coconut
24,21,35,28.25,97.47,5.57,138.04,coconut
118,46,16,25.55,70.49,6.63,74.48,cotton
97,57,13,22.72,84.34,7.22,67.0,cotton
125,48,28,24.71,79.09,6.47,71.37,cotton
107,56,19,25.03,87.37,5.72,95.65,cotton
117,49,15,22.39,82.24,8.09,92.34,cotton
132,44,16,22.34,77.36,5.87,71.6,cotton
110,44,19,24.62,79.73,6.61,56.74,cotton
110,38,20,25.72,84.49,7.28,78.7,cotton
110,40,12,25.88,78.93,6.28,70.38,cotton
106,46,23,23.2,68.54,6.81,78.43,cotton
114,40,19,24.03,79.68,7.11,75.14,cotton
111,57,21,25.55,85.93,7.16,91.44,cotton
98,47,18,27.26,84.44,6.58,84.77,cotton
119,49,14,24.62,78.66,7.04,71.61,cotton
109,55,14,21.94,79.54,6.51,69.68,cotton
118,33,14,28.01,82.1,6.53,85.32,cotton
123,53,18,25.85,69.61,6.37,82.27,cotton
120,38,20,22.65,78.42,7.41,91.21,cotton
105,37,17,23.85,76.51,7.42,84.47,cotton
121,35,23,18.26,83.97,7.37,75.11,cotton
132,45,19,24.58,95.73,7.57,88.71,cotton
106,47,15,25.54,80.5,6.34,81.27,cotton
106,47,15,23.95,83.55,6.87,75.61,cotton
119,51,14,24.42,86.39,7.19,80.99,cotton
124,49,22,19.85,72.03,7.4,62.24,cotton
121,43,15,24.6,80.81,7.96,72.8,cotton
134,48,16,25.5,82.63,6.92,83.5,cotton
109,39,22,23.45,79.4,7.04,83.48,cotton
99,56,19,23.49,81.95,7.02,89.5,cotton
123,51,24,25.67,79.0,6.34,100.31,cotton
114,42,12,24.58,80.54,6.14,85.74,cotton
111,67,16,23.03,75.43,7.54,75.83,cotton
108,51,13,25.15,88.71,7.18,87.95,cotton
127,59,23,24.78,84.32,6.46,89.62,cotton
104,43,6,24.7,76.58,7.46,84.98,cotton
130,37,23,28.11,83.62,7.3,82.34,cotton
110,52,12,23.06,70.94,6.55,88.0,cotton
123,46,19,20.13,77.94,6.56,72.39,cotton
124,39,16,19.73,78.33,6.36,81.25,cotton
105,46,18,27.24,82.29,5.98,65.12,cotton
117,38,7,26.6,83.4,7.16,73.01,cotton
122,40,19,22.06,87.38,6.11,95.09,cotton
117,42,19,25.37,86.63,7.06,69.61,cotton
117,60,24,25.72,83.78,7.25,94.21,cotton
111,35,19,22.26,74.52,6.54,110.12,cotton
118,48,14,20.21,75.7,7.62,84.31,cotton
124,51,16,26.68,76.64,7.6,85.61,cotton
95,40,11,26.23,79.68,5.79,84.81,cotton
110,34,25,24.11,78.33,6.7,62.14,cotton
101,56,17,23.94,69.58,6.24,87.62,cotton
121,60,24,23.44,82.16,6.74,104.96,cotton
130,47,19,26.79,82.7,7.68,53.98,cotton
122,41,26,26.99,79.96,7.67,101.7,cotton
117,65,18,23.47,84.13,6.72,81.32,cotton
133,46,12,24.63,76.32,7.33,88.65,cotton
134,53,23,22.56,83.82,7.88,72.04,cotton
138,41,15,24.49,83.38,7.36,68.76,cotton
122,40,13,22.04,76.05,7.16,94.13,cotton
99,48,14,25.16,76.69,6.37,89.9,cotton
109,43,10,25.79,83.9,6.9,61.97,cotton
131,40,17,28.52,76.28,7.27,87.05,cotton
121,48,20,24.44,79.54,7.66,64.55,cotton
129,52,21,26.13,79.34,5.97,79.43,cotton
105,40,14,22.95,76.82,5.71,88.7,cotton
143,50,18,23.79,77.7,6.95,79.86,cotton
106,59,13,25.34,79.29,7.85,84.39,cotton
112,44,19,21.61,75.97,6.01,69.22,cotton
118,48,11,23.63,82.62,6.82,72.69,cotton
112,41,16,24.25,91.34,6.53,76.48,cotton
116,40,23,19.16,77.14,7.31,76.77,cotton
107,49,22,24.32,75.79,7.13,75.48,cotton
125,57,8,24.12,71.12,8.12,74.68,cotton
125,45,15,22.06,87.73,7.38,103.62,cotton
117,48,17,23.33,74.59,6.94,70.83,cotton
122,47,20,27.25,79.61,7.28,104.92,cotton
132,55,17,24.36,73.21,7.15,83.59,cotton
117,54,14,27.17,84.31,6.86,78.52,cotton
122,58,19,24.19,79.89,7.79,75.87,cotton
116,57,19,26.17,75.24,6.8,98.11,cotton
108,44,20,21.92,77.73,6.96,80.86,cotton
132,58,15,24.12,83.17,7.66,88.92,cotton
120,51,21,22.04,80.76,7.63,77.81,cotton
118,44,9,23.94,81.31,6.64,66.44,cotton
106,52,26,26.66,73.08,7.33,72.34,cotton
110,42,21,25.82,79.31,6.86,85.87,cotton
123,55,13,23.94,74.46,6.87,77.59,cotton
116,39,13,19.71,79.14,6.68,72.19,cotton
132,39,24,27.15,70.05,6.95,75.5,cotton
82,34,22,27.94,84.31,7.06,80.04,cotton
137,63,16,19.9,69.31,7.56,79.74,cotton
119,31,15,23.31,80.84,6.7,67.85,cotton
107,55,19,25.12,75.31,5.42,74.02,cotton
106,48,32,25.29,93.48,7.18,72.74,cotton
121,60,26,22.75,81.07,6.19,90.2,cotton
135,46,16,24.62,81.89,6.94,82.44,cotton
114,53,21,21.93,74.75,6.77,89.14,cotton
118,40,20,23.24,84.2,7.07,76.52,cotton
119,56,16,24.71,79.45,7.11,72.45,cotton
118,54,15,21.24,73.34,6.31,87.44,cotton
100,43,21,24.73,77.87,7.0,81.59,cotton
75,44,51,26.52,92.0,6.5,173.0,jute
64,40,49,23.86,89.2,6.2,153.63,jute
74,45,44,25.8,77.52,6.65,168.32,jute
68,39,45,21.24,87.69,6.56,159.25,jute
85,56,45,25.9,85.03,6.01,164.26,jute
68,54,38,26.59,82.28,6.36,162.96,jute
90,40,40,23.33,78.03,6.68,159.04,jute
68,48,35,23.28,74.9,6.67,193.57,jute
93,40,50,22.89,85.02,6.41,157.28,jute
70,45,42,26.24,74.88,6.3,156.37,jute
76,44,35,25.44,90.91,6.5,166.03,jute
83,42,43,23.46,88.76,6.84,162.3,jute
72,42,46,22.36,76.26,6.48,174.39,jute
75,35,38,24.7,76.46,6.97,193.09,jute
77,47,29,24.06,84.62,6.53,159.95,jute
100,58,42,27.18,68.47,6.38,165.3,jute
75,42,27,25.67,82.32,7.34,158.93,jute
69,27,38,26.7,76.54,7.56,169.57,jute
79,36,41,20.94,83.07,6.99,201.89,jute
67,47,42,25.78,75.27,5.74,181.64,jute
76,42,43,24.81,73.0,5.93,152.12,jute
101,51,40,24.54,78.36,7.17,164.89,jute
83,43,49,26.38,85.83,6.47,195.86,jute
74,46,48,22.81,80.62,6.88,185.1,jute
73,60,33,27.82,85.68,7.46,142.94,jute
69,56,30,21.69,77.16,6.78,206.54,jute
76,41,41,25.84,81.81,6.63,135.6,jute
68,55,40,24.25,85.19,6.25,170.19,jute
79,42,40,24.52,72.6,6.77,148.13,jute
79,55,38,22.56,78.97,6.37,186.59,jute
76,57,45,24.59,83.18,6.54,175.38,jute
74,51,47,26.5,84.21,7.07,185.73,jute
66,57,49,24.43,77.75,6.94,185.72,jute
75,37,41,26.0,83.23,6.84,169.28,jute
87,46,37,24.54,70.87,6.63,188.47,jute
81,56,38,25.87,83.56,7.64,177.6,jute
67,51,49,24.25,83.81,7.19,195.04,jute
79,41,39,25.82,84.14,6.83,167.1,jute
83,52,41,23.23,78.69,7.08,147.04,jute
57,56,42,26.11,74.22,7.0,180.2,jute
62,55,40,24.11,77.71,5.89,186.57,jute
80,44,46,22.13,76.62,6.36,169.12,jute
78,49,38,23.15,88.03,7.66,177.57,jute
70,56,32,24.23,76.12,6.24,169.1,jute
69,46,40,23.66,77.75,6.61,190.9,jute
76,51,42,26.04,86.54,6.25,165.24,jute
95,44,25,24.49,80.27,5.65,201.38,jute
70,48,38,22.32,74.25,6.33,196.41,jute
76,42,35,27.29,86.92,7.17,184.55,jute
80,37,38,23.53,70.47,7.12,160.78,jute
89,52,42,26.13,76.52,7.44,175.56,jute
81,41,35,25.85,80.69,6.38,145.93,jute
65,54,36,24.22,86.85,6.25,160.16,jute
70,57,49,26.4,83.52,6.47,213.65,jute
80,51,39,24.36,87.92,6.92,203.73,jute
80,40,37,25.11,76.47,6.26,198.73,jute
72,46,41,23.72,86.85,6.25,179.93,jute
80,45,33,26.64,83.32,6.43,188.85,jute
81,37,35,27.18,81.15,6.47,157.53,jute
72,42,35,21.42,85.3,7.09,149.23,jute
79,39,38,24.21,77.46,7.5,165.89,jute
69,40,45,21.6,75.79,7.28,179.58,jute
79,60,41,23.48,78.19,6.25,199.82,jute
83,53,46,24.07,74.88,6.68,157.24,jute
79,53,39,25.2,79.13,7.02,161.34,jute
56,49,44,25.79,76.4,6.25,184.59,jute
79,45,49,23.01,88.48,6.71,137.99,jute
76,52,38,21.95,78.78,6.36,184.54,jute
85,38,36,26.41,75.31,6.27,151.13,jute
81,48,36,24.91,87.24,6.31,135.67,jute
82,45,36,26.2,83.8,5.82,161.65,jute
101,50,43,27.25,79.69,7.02,189.06,jute
83,43,40,23.72,79.66,6.23,158.89,jute
75,39,37,24.57,81.61,7.08,165.42,jute
91,52,42,25.21,81.2,7.17,199.17,jute
91,46,42,27.59,76.48,6.57,175.02,jute
86,52,38,21.88,80.83,6.33,144.9,jute
65,48,46,24.98,80.66,7.17,143.81,jute
83,45,42,23.93,75.51,6.76,207.68,jute
86,42,33,21.54,86.18,6.32,168.19,jute
91,34,47,24.39,73.86,6.6,160.25,jute
82,41,30,24.46,72.82,6.78,150.96,jute
73,47,38,25.4,83.0,6.24,173.41,jute
44,47,38,22.93,81.18,7.17,165.18,jute
68,47,33,23.58,85.71,6.72,137.11,jute
60,47,44,21.66,81.85,7.23,212.46,jute
81,49,29,29.1,76.72,6.33,169.6,jute
93,61,40,26.9,79.82,6.28,204.23,jute
71,56,46,26.13,88.74,7.59,171.2,jute
69,32,51,24.02,85.28,6.4,205.47,jute
70,37,38,23.84,82.58,6.68,187.25,jute
75,41,37,28.99,80.73,5.91,164.3,jute
78,58,45,23.06,91.69,6.69,199.63,jute
66,29,32,18.4,90.16,6.79,156.21,jute
82,47,43,27.32,78.15,6.35,191.26,jute
86,46,50,24.02,75.1,6.87,161.2,jute
82,40,37,28.68,77.57,6.38,198.11,jute
67,41,42,26.78,85.7,6.4,186.62,jute
73,41,46,23.8,80.99,6.76,153.28,jute
87,49,30,25.45,75.74,7.14,145.79,jute
96,29,30,27.03,51.21,7.36,168.5,coffee
117,32,29,22.93,55.98,7.34,185.71,coffee
93,13,28,24.92,57.55,6.91,175.52,coffee
112,30,20,24.82,70.32,6.85,165.36,coffee
105,30,18,25.02,58.61,7.21,158.95,coffee
81,30,25,23.07,54.63,6.92,183.18,coffee
106,31,32,25.7,62.28,5.73,160.22,coffee
88,33,29,25.56,51.27,7.11,170.55,coffee
107,23,26,25.95,55.33,6.87,114.78,coffee
95,36,32,25.83,68.73,5.77,141.69,coffee
96,32,34,23.77,63.79,6.54,182.23,coffee
88,27,27,27.61,56.19,6.68,168.14,coffee
107,32,31,24.66,57.05,6.71,162.99,coffee
99,28,22,26.83,59.71,7.1,158.0,coffee
80,26,29,26.99,48.45,6.72,168.27,coffee
93,28,26,24.04,56.76,6.42,171.67,coffee
92,23,38,27.42,49.49,6.39,162.85,coffee
104,20,35,27.15,61.21,7.24,167.05,coffee
106,35,35,23.82,61.97,6.43,168.08,coffee
106,21,29,26.03,56.62,6.83,174.12,coffee
100,29,36,26.45,59.8,6.32,171.42,coffee
104,34,30,21.87,50.3,6.99,146.6,coffee
106,28,29,25.31,54.47,6.69,146.31,coffee
96,26,28,27.34,58.15,7.11,188.76,coffee
111,30,31,27.23,59.25,7.09,170.28,coffee
96,32,30,25.29,56.42,6.77,177.93,coffee
111,29,32,28.04,58.05,6.25,184.02,coffee
94,24,21,26.64,50.69,6.4,169.76,coffee
109,24,29,23.75,56.06,6.81,147.97,coffee
98,20,35,26.52,62.76,7.22,141.5,coffee
96,18,45,25.2,63.99,6.2,177.93,coffee
123,27,24,25.22,47.67,6.68,174.42,coffee
100,26,32,26.71,50.5,6.74,206.72,coffee
84,27,39,27.71,56.23,6.78,157.96,coffee
92,27,28,25.73,55.06,6.19,157.17,coffee
121,28,28,27.01,58.01,7.45,157.92,coffee
109,24,32,26.05,58.52,6.5,145.24,coffee
104,31,29,26.07,58.61,6.74,153.99,coffee
101,41,31,26.79,60.99,6.59,183.88,coffee
97,33,28,23.58,60.63,6.26,168.71,coffee
86,26,22,31.15,50.53,6.7,180.87,coffee
113,32,28,28.2,63.37,6.78,162.81,coffee
97,23,36,28.12,54.38,6.64,155.13,coffee
100,28,34,24.01,54.57,7.19,148.75,coffee
85,25,28,28.61,63.42,7.16,174.4,coffee
112,24,29,23.52,57.75,6.97,160.69,coffee
116,22,32,23.0,59.27,7.0,153.71,coffee
107,23,21,26.61,67.52,6.3,182.44,coffee
101,21,24,25.53,56.78,6.17,124.12,coffee
90,28,29,24.5,59.81,7.12,165.88,coffee
99,32,25,25.05,57.79,6.21,149.6,coffee
76,37,25,28.67,58.99,6.93,148.22,coffee
103,31,33,27.05,56.96,6.51,126.12,coffee
107,33,38,26.11,54.97,6.02,178.83,coffee
79,26,28,25.36,58.98,6.76,109.69,coffee
101,16,33,24.39,48.01,6.37,146.6,coffee
115,28,31,27.86,58.32,7.0,171.68,coffee
85,35,22,27.33,51.21,6.94,195.24,coffee
98,26,33,24.84,67.89,6.78,151.6,coffee
94,23,26,24.8,56.36,6.44,199.98,coffee
88,28,32,26.76,58.51,6.6,167.03,coffee
104,26,22,24.56,53.07,6.43,158.66,coffee
105,36,27,27.05,60.33,7.22,169.52,coffee
88,19,31,24.44,53.9,6.19,161.22,coffee
119,25,32,25.3,52.35,6.99,136.11,coffee
101,26,34,23.38,60.75,6.36,147.78,coffee
57,38,32,23.97,53.18,6.5,172.34,coffee
78,27,38,23.23,59.2,7.58,170.64,coffee
102,30,27,28.1,56.8,5.92,150.17,coffee
89,26,28,27.89,62.28,6.81,157.94,coffee
88,17,30,27.09,58.26,6.49,167.29,coffee
100,36,36,27.42,62.59,6.18,171.26,coffee
105,31,32,26.41,72.3,6.67,176.73,coffee
95,31,34,26.23,67.15,6.35,148.26,coffee
103,32,30,28.07,55.49,6.24,164.16,coffee
100,30,29,24.82,58.43,6.71,151.9,coffee
98,25,34,25.89,70.08,6.76,146.98,coffee
133,30,34,26.68,61.92,6.91,135.96,coffee
105,21,29,24.05,60.59,6.83,167.62,coffee
104,24,28,27.34,64.14,6.24,127.38,coffee
92,33,36,23.65,60.34,7.43,166.31,coffee
118,32,25,25.12,58.97,6.74,176.33,coffee
105,13,23,21.13,59.68,6.8,163.66,coffee
89,31,33,22.99,51.47,6.7,193.84,coffee
121,30,26,27.27,56.54,6.39,115.12,coffee
102,24,30,20.9,59.65,5.73,179.76,coffee
107,26,32,23.54,59.16,7.02,96.11,coffee
95,27,29,28.41,53.18,6.45,119.68,coffee
119,26,27,25.4,61.98,6.84,210.96,coffee
106,25,27,24.71,51.29,6.72,173.67,coffee
93,23,37,22.65,48.46,6.24,127.19,coffee
105,26,28,27.81,55.34,7.01,188.23,coffee
95,31,28,27.35,50.94,6.04,150.17,coffee
90,25,28,26.94,56.76,6.37,150.97,coffee
91,23,21,25.64,55.96,7.09,129.05,coffee
94,37,25,25.03,52.72,6.16,188.95,coffee
103,28,21,26.22,64.59,7.16,171.37,coffee
87,29,33,21.91,53.19,7.06,175.52,coffee
82,31,30,27.06,55.63,6.96,174.88,coffee
96,28,26,28.8,58.2,6.33,143.68,coffee
